id,name,salary,birthdate,hiredSince,FK_company,FK_pensionFUnd
1,Carmella Prydie,23937.15,1987-08-25,1991,105,28
2,Allix Craddy,28949.33,2011-03-03,1999,327,30
3,Zelda Plover,29192.82,1998-08-30,1997,234,17
4,Durand Giacoboni,33613.2,1976-10-27,1985,280,34
5,Kareem Kubera,46250.51,1960-11-05,1975,102,28
6,Chloette Pallasch,10118.62,1994-01-12,2002,362,55
7,Adolphus Dunn,13146.96,1989-12-29,1990,197,70
8,Caril Vanin,49528.3,2001-07-29,2002,423,25
9,Maury Mutimer,23129.32,1975-10-02,2007,150,64
10,Arlyne Kernell,38313.77,1986-01-02,2006,126,65
11,Crissie Mowsdale,32042.06,1997-10-26,2009,358,29
12,Henrietta Wedderburn,43068.03,1965-10-01,1977,149,58
13,Zara Brumbie,11814.18,1992-06-18,1986,303,10
14,Emera Jodlkowski,26466.84,1977-06-02,2017,151,62
15,Herbert Lesmonde,48959.14,1975-11-30,2018,104,42
16,Ibrahim Daveridge,22203.27,1998-01-02,1990,300,68
17,Nat Mathews,46802.98,1995-07-25,1996,105,42
18,Vinnie Pogosian,17271.32,1996-03-13,2008,484,67
19,Berky Bitterton,14381.24,1963-06-02,2017,285,41
20,Dede Pennicott,19345.45,1967-12-18,1993,187,30
21,Michael Juza,41995.43,1971-01-20,2002,212,1
22,Claudian Kingsbury,25390.08,2012-04-12,1977,474,30
23,Bettine Brown,27569.33,1972-12-31,1987,59,7
24,Dody Illing,47313.42,1970-09-20,2017,49,19
25,Goldarina Wilfinger,23241.66,1997-02-07,2002,381,29
26,Wilden Ofield,28863.42,1964-01-31,2012,194,63
27,Greg Maplethorpe,18594.39,1960-04-05,1989,475,17
28,Simon Spinello,30834.54,1967-11-19,2003,346,28
29,Pammy Bowers,31968.07,1984-08-27,2004,385,53
30,Sher Pimlott,46121.11,2006-02-08,2001,466,74
31,Tally Hussy,48033.58,2009-11-08,1991,276,39
32,Fredi Garstang,17226.27,1986-11-08,1998,51,75
33,Gabriellia Vasilchenko,16907.12,1978-10-18,2016,210,44
34,Arlina Copsey,27880.2,2010-10-05,2005,69,10
35,Letti Dowbakin,42959.83,1995-04-15,1999,409,64
36,Maude Zecchii,32597.93,2009-01-06,1996,283,33
37,Stanislas Messam,35903.44,1999-01-21,1999,309,12
38,Rossy Christopher,22677.7,2007-02-23,1988,204,21
39,Tasia Schiell,37253.43,1994-03-31,2005,125,34
40,Venita Duck,18824.0,1969-01-10,1991,448,55
41,Lianne Whiteman,12912.46,1964-12-05,1987,191,51
42,Elijah Wetheril,44602.1,2008-06-27,1983,12,23
43,Gill Lutty,38841.0,1982-04-22,1986,426,44
44,Cassandra Kreber,17698.36,1962-04-07,2021,491,66
45,Wash Bohl,11224.37,1997-03-31,1996,286,12
46,Michal Burnett,34764.51,1992-08-27,1986,398,9
47,Jayson Sibbert,23431.2,1961-06-21,1999,81,16
48,Andeee Cratchley,41918.08,1968-12-27,2009,127,6
49,Davis Hamstead,12935.35,1962-01-31,1999,116,48
50,Shoshana Shelliday,39428.32,1996-10-09,1985,477,21
51,Ivette Gregorowicz,29809.91,2008-02-16,1978,288,45
52,Godwin Norwood,40293.7,1975-03-05,2011,309,63
53,Mortie East,24102.91,1966-06-04,1995,5,1
54,Jillian Dight,29517.08,1990-01-11,2009,303,3
55,Tiffanie Oven,43459.78,1974-03-31,2007,159,46
56,Killy Mauger,24645.87,1994-11-12,1988,478,59
57,Del Kember,40443.66,2008-09-11,2008,443,60
58,Brunhilde Boothman,25780.92,2007-03-11,1989,230,42
59,Tripp Lighten,33841.32,1962-10-06,2000,475,63
60,Idell Abbitt,11697.62,1980-03-11,1988,329,74
61,Belva Mion,26665.09,2002-02-13,2013,405,53
62,Lamar Waple,35663.15,2002-09-14,2020,383,27
63,Faina Booty,39343.92,1970-08-24,1995,119,43
64,Port Marcus,39760.02,2009-01-04,2006,95,62
65,Annora Vella,42380.06,1966-02-12,1978,466,22
66,Marianna Triswell,39438.57,1986-11-13,1981,265,31
67,Flss MacCracken,13506.18,1989-02-03,2009,430,58
68,Antonie Pegg,43793.55,1976-01-11,1980,238,71
69,Guillema Durrett,48789.32,2009-10-06,2004,24,43
70,Torre Laflin,37943.1,1982-09-29,2013,196,13
71,Katherine Cardinal,32566.52,1991-03-22,2016,245,17
72,Faun Abbatini,11677.81,1966-12-08,2008,212,28
73,Donny Stedell,14225.1,1989-12-01,1985,396,59
74,Mord Pomfrett,10339.14,1963-11-16,1976,10,55
75,Mickie Tesmond,13707.76,2004-06-29,2005,426,20
76,Ilyse Tunbridge,16972.52,1974-11-12,2000,500,33
77,Haslett Reedy,44493.66,2002-05-07,1976,154,9
78,Temp Ridolfi,13829.54,1985-07-26,1975,400,52
79,Ddene Faier,13451.45,1987-02-24,1978,481,53
80,Isa Chesser,14192.84,1974-10-24,1994,132,14
81,Emlen Hayesman,34778.1,1994-08-10,1993,431,29
82,Gordy Ebbs,10215.06,1973-04-25,1990,263,38
83,Benedicto Kembley,27802.47,1978-08-20,2006,287,27
84,Waiter Boog,38420.75,1982-08-27,2007,150,48
85,Shaun Petracchi,19341.23,1985-09-10,2007,431,10
86,Darya Eames,47661.64,2001-04-05,1985,289,11
87,Alexei Crother,11968.73,1985-04-10,2021,350,40
88,Genevra Jeroch,43133.1,2002-04-25,2012,50,39
89,Doyle Swancock,43728.21,1964-11-03,1993,139,40
90,Jedidiah Blackler,39801.06,1994-07-19,1989,362,26
91,Annabal Deveril,27603.7,1964-02-11,1986,305,48
92,Roby Spofforth,32913.39,1978-12-04,1984,308,20
93,Denise Antonat,45553.13,1998-08-11,2013,253,49
94,Matias Garbert,23614.17,1970-02-15,2005,468,60
95,Madge Tobias,34822.05,1974-05-04,2009,273,22
96,Ingrid Leggen,33793.86,1999-07-22,1993,113,31
97,Silas Plain,26895.45,1961-02-26,1997,114,52
98,Dick Tune,42984.93,1995-10-20,2018,286,9
99,Don Poluzzi,45390.02,1992-12-02,2007,275,8
100,Levon MacFadzean,12742.34,1969-01-01,1984,490,27
101,Gene Dorot,35146.67,1984-01-24,2013,144,8
102,Christoffer Fawson,36061.95,1961-04-13,1980,236,56
103,Arielle Hawley,39352.76,2014-03-29,1983,333,12
104,Maris Crosoer,31762.43,2011-11-11,1980,57,54
105,Luise Iglesias,34809.87,2002-06-12,1975,484,28
106,Nickey Duferie,36480.95,1996-01-06,1997,145,66
107,Justinn Parnall,25949.07,2003-06-13,2002,345,10
108,Saunder Ianetti,12425.19,2012-09-14,1989,242,27
109,Beauregard Heskin,23086.5,1993-08-21,1990,470,20
110,Leonardo Roseblade,12559.26,1967-02-12,1977,484,68
111,Maryanne Plevey,42000.42,1998-05-02,2009,158,42
112,Birk End,16866.41,1973-12-20,2014,407,52
113,Isabeau O'Cuddie,14162.16,1991-04-03,2002,117,61
114,Olive Guppey,38486.11,1985-06-19,2004,412,39
115,Garreth McCoy,20752.36,1980-12-06,1976,82,66
116,Ketti Stogill,34564.82,1983-03-26,1985,453,71
117,Ferne Bradnocke,10156.03,1980-01-20,2013,384,24
118,Massimo Bentham3,11870.05,2007-09-07,1992,57,33
119,Eveline McArt,12869.97,1997-04-17,1983,95,24
120,Nerti Crose,29376.5,1961-05-26,2008,20,33
121,Evita Marcum,16815.12,1963-03-28,1990,136,10
122,Emyle Somerfield,48092.07,2011-04-11,2010,298,68
123,Cathlene Perry,45251.65,1972-03-05,1996,500,3
124,Alvina Trench,48999.47,1988-01-22,1996,427,14
125,Haslett Hurrion,13462.0,2007-03-12,1989,491,52
126,Merell Gee,21073.88,1987-03-22,1985,410,30
127,Nikolaus McCuffie,24906.35,1991-05-10,1993,431,30
128,Amelia Ferie,32588.3,1983-02-04,1993,23,13
129,Gizela Holligan,30684.14,1962-12-18,1986,412,72
130,Gianni Clinning,19273.2,1974-07-16,1988,469,37
131,Ansley Renney,34789.75,1961-02-22,2011,142,49
132,Orelia Hobbing,25980.54,1964-04-08,2014,243,6
133,Reuven Wilce,13160.37,1994-03-28,2011,273,69
134,Rea Smartman,24095.89,2000-05-05,1993,465,21
135,Gilligan Murrish,13517.68,1962-09-25,1987,134,46
136,Burnard Maun,14894.89,1968-10-24,2002,217,44
137,Gunther Kernaghan,20322.28,1968-08-10,2017,104,15
138,Kahlil Bunstone,43801.09,1996-07-26,1975,44,15
139,Myrna Habbershon,40652.68,2009-07-04,1982,330,15
140,Dennie Sauniere,13625.32,1961-11-16,1984,450,56
141,Tiphanie Franciskiewicz,34525.73,1991-12-14,1989,88,49
142,Zitella Folker,49148.49,1966-03-09,1991,422,12
143,Reagan Amiable,47206.73,2005-12-14,1992,110,35
144,Coreen Colliford,14821.73,1971-01-27,2017,365,72
145,Andres Petford,28989.73,2001-07-15,1978,231,59
146,Brendan Newbigging,31319.94,1992-01-04,1989,149,26
147,Marysa Bodd,25779.47,2004-03-28,2010,489,1
148,Vernon Graveson,29469.73,1976-10-08,1976,401,52
149,Bret Bysouth,14254.02,1972-12-30,1990,191,34
150,Donna Siviour,26952.5,1984-01-06,1985,462,60
151,Pat Camilli,30628.44,2002-02-14,2018,331,13
152,Harrison Brigham,43871.21,1964-10-16,1997,41,44
153,Kristy Tatlow,35001.77,1970-07-07,1996,326,34
154,Hersh Yakubovich,39322.06,1979-05-01,2014,143,28
155,Stacee Rowaszkiewicz,47556.96,1997-03-05,1999,262,22
156,Suzann Gerrets,36824.99,2012-03-25,2006,377,21
157,Teddi Utting,33114.04,1972-06-01,1998,43,39
158,Mariele Einchcombe,20233.66,1994-10-27,1991,441,11
159,Inigo Groven,26033.74,1969-10-15,1996,214,46
160,Gladys Knowlson,12720.03,1960-01-11,2015,440,66
161,Krissy Tooher,43223.47,1968-04-05,1976,88,70
162,Gail Mockett,22328.01,1977-06-27,1999,466,72
163,Lawton Normington,26652.61,1996-08-17,2013,106,20
164,Moss Dudin,47175.03,1990-12-21,2021,97,55
165,Bert O' Dooley,18538.92,2012-06-19,2012,241,46
166,Conrad Mingo,36822.72,1960-09-13,1992,73,29
167,Randie Roller,44786.06,1984-05-28,1991,446,41
168,Rodi Ferres,43863.76,1975-12-09,2014,457,26
169,Hastie Jeaffreson,40262.66,1966-03-15,1994,484,42
170,Ulrica Rubenczyk,42874.26,2006-07-12,2014,61,64
171,Devora Crasford,41660.1,2011-10-26,2000,180,30
172,Debor Kelling,43350.13,1971-11-26,2018,140,36
173,Lil Bartosik,45453.82,1966-01-07,1997,302,9
174,Alonso Coltherd,34863.92,1989-08-03,2008,264,39
175,Gerrard Roscrigg,42630.54,1970-10-02,2015,255,48
176,Ofilia Courtney,43759.2,1993-04-06,1999,278,68
177,Jaquelin Padrick,32974.12,2008-06-04,1975,499,52
178,Gavan Rapper,22133.21,2007-07-11,2009,321,10
179,Marietta Mosdell,15384.77,2005-06-02,1997,242,25
180,Sheri Shefton,21644.0,2004-04-15,1987,113,51
181,Lydon Banthorpe,23385.26,1975-12-25,1995,82,70
182,Garrott McIlwreath,27983.0,1986-04-30,1991,178,10
183,Willdon Tredwell,24455.41,1984-03-23,2008,157,71
184,Glen Normanvill,20185.48,1985-02-17,2016,476,68
185,Benny Farres,17069.27,1988-02-17,1984,50,43
186,Bobby Middis,37126.7,2013-09-20,1977,133,5
187,Cecile Lough,38936.69,1964-12-14,2001,91,47
188,Kyle Bonnet,49128.24,1985-12-25,2015,210,60
189,Rosa Purle,28489.45,2005-06-14,2014,7,70
190,Adolf Duddin,26552.26,1987-02-16,2002,384,7
191,Janeen Santo,36152.51,1961-04-30,1978,210,4
192,Quinn O'Moylane,48603.06,2007-10-24,2000,422,36
193,Gerhard Ashfold,10351.38,1963-11-03,1995,162,21
194,Seymour Oldknow,46770.44,2010-10-22,2017,234,71
195,Diego Kermitt,30005.72,1974-07-01,1991,401,64
196,Cayla Daintry,11494.42,1990-06-16,2015,341,20
197,Tate Londors,43890.36,1973-11-04,2002,356,4
198,Gradey Lamas,16442.31,1994-01-23,1993,67,42
199,Baxy Duckitt,23561.01,1973-09-13,2001,89,73
200,Zacherie Sewell,25169.48,1986-08-24,1978,469,63
201,Vivyanne Priden,32108.78,1996-07-06,2003,447,21
202,Pier Georgeot,17624.45,2014-03-22,1998,9,14
203,Ev Doodson,33683.44,1997-03-11,2019,285,4
204,Lauren Woollcott,17879.58,1980-05-21,1983,283,36
205,Eleanore Cullagh,16756.23,1960-10-08,2001,380,5
206,Brendin Duplain,34769.43,1994-09-03,2009,189,67
207,Giulio Leyfield,27990.1,1982-01-13,1999,155,24
208,Hulda Falla,41436.17,2001-02-24,1978,383,54
209,Samara Kristoffersson,38869.92,1967-01-07,2001,60,44
210,Devonne Verbeke,39363.65,1961-09-05,1978,285,47
211,Meridith Tarry,19651.62,2012-09-07,2015,494,32
212,Edin Winchcombe,19613.8,2002-05-21,1992,233,70
213,Joanie Branch,21630.68,1966-08-19,2020,84,19
214,Northrop Lightbown,29434.99,1999-01-19,2008,478,3
215,Seline Dallin,45603.95,2014-06-30,2020,277,71
216,Allyn Polkinhorn,28651.19,1971-12-28,2004,320,45
217,Vaughn Cossor,28987.49,1991-08-20,2005,297,7
218,Ophelie Lackington,18973.68,1987-07-27,1981,71,56
219,Galvin Lehrmann,28649.37,1961-08-02,2005,323,65
220,Cinderella Tucknutt,30127.81,1998-10-03,1988,450,43
221,Jourdain Cobelli,11673.94,2001-03-20,1982,17,58
222,Lodovico Dredge,38142.82,2012-04-28,1992,244,3
223,Camille Shird,40559.12,1991-01-27,2020,402,54
224,Ekaterina Brakespear,38918.53,1998-08-30,1987,17,30
225,Sydel Caple,36207.58,1969-09-15,2005,110,6
226,Adrianne Tomasello,30616.98,1973-08-30,1980,91,62
227,Linn Van Der Walt,32331.22,1963-11-27,1979,70,41
228,Urson Beinisch,31319.59,1970-08-14,2005,303,7
229,Sherwood Yoskowitz,25759.36,1961-08-11,1977,131,9
230,Belva Varah,47368.02,1988-06-18,2006,195,75
231,Elsinore Ripping,19031.7,2000-05-18,2014,407,51
232,Ricki Joyes,38443.22,1960-06-20,1987,132,45
233,Sue Schermick,38162.44,1964-10-12,1988,126,27
234,Susie Bouette,39841.72,1996-09-19,2016,89,33
235,Gregg Bax,15108.9,1982-05-12,1996,406,15
236,Waylin Kenyam,24715.17,2001-12-28,1975,56,64
237,Mindy Squires,33671.38,1970-11-17,2019,470,2
238,Gran Barnwill,16830.6,1971-05-27,2020,351,40
239,Dannye Janatka,34128.64,2014-01-05,1981,57,51
240,Morris Langstaff,35040.13,1970-07-18,1998,315,34
241,Denni Peaden,38663.0,1962-03-27,2015,288,6
242,Barnie Capelle,34013.67,1960-08-24,1983,192,43
243,Steve Oliphard,31266.81,1964-07-15,2004,125,21
244,Barbra Chatto,25878.26,2008-08-02,2013,409,41
245,Cahra Trendle,43246.52,2001-03-24,1976,269,40
246,Elora Guidini,34127.33,1984-11-17,1994,341,11
247,Feliza Mallinar,15045.51,1994-03-11,2013,497,47
248,Nerty Kuhl,23125.33,1994-01-13,1999,94,54
249,Jim MacAlinden,44321.92,1978-11-21,2007,454,48
250,Muhammad O'Dogherty,24486.6,2010-09-13,1988,171,18
251,Celinka MacGown,40845.81,2009-03-12,2000,144,52
252,Meghann Cleiment,20823.89,1980-10-05,1999,165,61
253,Ollie Meaking,32173.5,1991-10-16,2014,281,71
254,Leonardo Tosney,42162.55,1994-06-12,2021,458,16
255,Leonerd McDowell,23415.26,1976-02-24,2003,457,14
256,Imojean Amiranda,47813.04,1967-06-10,2010,337,17
257,Donia Mosen,38420.5,1985-06-21,1979,80,57
258,Tiffanie Kibbye,21654.12,1974-07-18,1977,383,40
259,Lizabeth Kilty,42388.5,2000-06-11,1990,333,70
260,Jacky Kirby,29426.62,1989-06-15,2016,321,36
261,Mirabelle Moohan,24946.21,1992-09-27,1988,99,4
262,Ingemar De Caville,23719.27,2012-04-15,2021,173,58
263,Korney Edinborough,43708.68,1991-05-10,1985,402,42
264,Yevette Josephov,28055.72,1962-07-10,1976,363,54
265,Vivian Easlea,28262.54,1994-11-08,1996,305,8
266,Boothe Mourbey,40015.73,1967-01-23,2018,233,38
267,Shirl Cucinotta,37421.13,2009-04-02,1988,382,43
268,Harman Knowlys,16875.56,1988-09-06,1995,49,58
269,Oriana Larking,32351.09,1993-09-23,1984,305,9
270,Carolyne Ugoletti,25122.33,1985-02-14,2004,375,62
271,Dulce Pursey,41244.63,2001-08-20,1987,200,71
272,Currey Annand,45688.77,1980-08-10,1984,105,15
273,Irina Ouslem,17601.11,2011-09-03,1975,97,48
274,Cally Jolliman,34185.0,2006-10-29,1976,439,71
275,Denna Lindup,46946.62,1994-09-04,1977,276,22
276,Carina Sattin,22273.29,1963-03-11,1975,66,39
277,Keene Yakovlev,32292.63,1967-03-31,2007,125,32
278,Charlot Mummery,38993.52,1974-10-07,2014,250,15
279,Andriette McKibbin,12280.36,2002-06-21,1988,169,56
280,Heinrik Maddern,26542.96,1980-04-16,1989,31,75
281,Wenona Verlinden,43399.44,1981-03-27,2009,451,1
282,Ryun Luis,38118.84,1968-03-26,2004,261,30
283,Min Ronaldson,10333.94,1988-06-28,2008,216,8
284,Thomasina Gosz,41342.39,1988-08-29,1986,377,11
285,Donnell Stewart,34618.66,1997-03-03,2015,460,3
286,Alf Tunnoch,48220.57,1962-05-04,2005,29,64
287,Auguste Matczak,44680.78,1963-09-11,2003,298,73
288,Janenna Tatton,38359.78,1977-02-17,2007,297,73
289,Tamqrah Moresby,35449.06,1991-05-02,2010,163,47
290,Janessa Grunguer,47626.87,1980-10-08,1976,130,58
291,Laurens Tomaello,41382.2,1980-05-16,2015,26,34
292,Dallis Grief,15929.31,2004-11-27,2003,106,8
293,Ric Rediers,44153.47,1977-05-12,2011,215,8
294,Adara Resdale,41821.65,1975-05-25,2003,315,38
295,Jordan Milburn,10702.09,1984-03-27,1979,488,28
296,Davita Heminsley,36240.1,1992-11-08,2013,220,3
297,Jennee Novotna,13611.9,2012-08-08,1983,263,68
298,Louisa Winham,25901.32,1962-03-18,2011,458,33
299,Lynn Mc Kellen,31976.92,1976-02-01,2004,174,21
300,Petronilla Fairman,32227.78,1987-08-04,2002,125,73
301,Sylvia Moyce,16632.56,1982-08-31,1976,98,27
302,Rachael Paffot,12564.69,2003-05-28,2006,367,33
303,Julia Cavill,47798.83,2012-04-02,1979,78,68
304,Shelden Coule,22902.02,1977-06-07,1991,233,64
305,Sean Hakonsson,27951.86,1990-07-10,1986,241,41
306,Joelle Antalffy,36751.31,1984-09-07,1993,199,8
307,Thornton Jakeman,48670.98,1960-12-18,2008,241,25
308,Zulema Batts,26370.7,1992-12-31,1988,349,49
309,Toddie Allner,18401.48,1961-04-07,1998,245,63
310,Harlen Andreev,29067.87,1982-06-11,1975,399,11
311,Neron Dumberrill,18758.17,1978-03-11,1980,473,33
312,Harald Rizzetti,21394.73,1991-12-19,1987,436,2
313,Jeth Vardey,30340.66,1985-03-23,2001,378,41
314,Gabriello Eynald,13233.82,1984-02-19,1983,489,74
315,Kacie Amar,33884.98,2001-07-08,2020,66,39
316,Carlos Grass,21574.12,1966-05-13,2016,464,62
317,Tiphanie Ludvigsen,38990.8,1985-06-13,1994,31,66
318,Federica Perrott,15438.94,2010-02-27,2019,280,67
319,Glynn Friday,24682.76,2001-03-05,2018,13,47
320,Dalt Wigsell,15252.38,1995-03-28,2012,303,16
321,Vail Chafney,44445.94,1980-11-28,1979,345,32
322,Larina Dewdeny,10403.32,1968-05-14,2019,497,13
323,Junie Bugdale,29833.7,2011-12-02,2011,400,32
324,Johannes Laxon,32998.88,1964-05-05,2001,167,27
325,Bartlet Colvine,33537.63,2001-07-17,2019,87,7
326,Carly Rolse,31910.75,1984-01-18,2017,448,59
327,Harriett Penhale,25649.16,1963-02-21,1988,332,30
328,Karoly Belliss,49447.12,1986-03-04,1993,299,5
329,Marie-ann Cartledge,22774.17,1999-09-23,2008,327,9
330,Ludovico Ghidelli,26009.67,1962-02-09,1985,4,4
331,Jerrome MacDowal,29271.89,1982-11-08,1988,407,41
332,Andrea Kundert,40669.18,1971-05-28,1981,405,2
333,Grover Jentet,24288.92,1993-08-10,2018,164,4
334,Dara Kraft,15315.49,1962-11-28,2004,301,39
335,Minetta Goch,39660.24,2007-05-12,1986,213,47
336,Roseann Ayre,11963.15,1996-02-24,1978,202,14
337,Ambur Klampk,11356.63,1983-03-05,1983,98,40
338,Paulie Boatswain,32971.88,1966-08-27,1992,492,40
339,Whittaker Pietrzyk,10394.86,1965-05-09,2020,104,51
340,Rhianon Lude,16153.36,2006-03-05,1980,172,9
341,Lucius Lindenstrauss,27038.22,2012-02-27,1999,43,66
342,Von Thorwarth,44630.31,1977-03-22,1980,57,23
343,Ara Leitche,29469.63,1992-09-07,1986,428,38
344,Barnebas Broodes,13222.98,1982-05-01,1979,319,49
345,Elyn Wardel,12427.07,2008-01-25,1975,397,27
346,Liam Teager,44355.34,1969-09-19,1996,373,26
347,Lucille Silkstone,10705.27,1986-08-23,1991,432,25
348,Ester Judkin,13645.19,1969-10-04,1998,435,63
349,Rivy Kelley,28494.62,2005-08-01,2020,40,33
350,Fedora Hamprecht,10653.91,1975-01-08,1984,3,57
351,Pooh Rawling,43693.02,1982-06-25,1993,167,46
352,Brooks Ketchell,15279.89,1992-11-21,1987,39,59
353,Jenny Fleay,19119.68,2012-10-14,1982,404,49
354,Brandice Levinge,34346.71,1974-08-13,1999,402,32
355,Gothart Mouan,38127.85,1966-01-01,2003,323,62
356,Modestine Switsur,36656.7,1974-05-18,1977,320,46
357,Felecia Thompkins,13225.58,2008-06-18,1977,442,14
358,Alys Coughtrey,47522.66,2001-05-12,1981,78,44
359,Brittani Timmis,14732.72,1979-03-08,1997,206,39
360,Billi Blei,15949.32,1994-08-09,2016,48,40
361,Niki Dawber,27182.43,1981-06-09,1976,464,59
362,Corene Ebbett,35850.74,1991-09-16,2016,172,24
363,Axel Antuk,11088.25,1971-01-31,2001,143,4
364,Cammy Callis,36893.43,2008-06-24,2009,265,25
365,Thomasa Sandford,27125.21,1966-05-27,2015,155,16
366,Scotty Glowinski,13056.75,2007-09-13,1981,229,71
367,Chick Thorns,41341.0,1988-02-17,1986,500,15
368,Arabelle Brownfield,40615.22,1970-04-06,1996,401,2
369,Amye Samsworth,39471.13,1991-08-18,2010,385,75
370,Grannie Goldsack,39474.14,1969-10-30,2006,496,8
371,Stearn Linklet,21543.09,1965-09-06,1987,211,23
372,Lonee Standish-Brooks,28462.93,1988-06-16,2013,82,59
373,Donetta Vern,19941.27,1983-10-27,1999,10,52
374,Karlik Berzon,28484.51,1997-01-26,2004,466,8
375,Bernita De Francesco,36492.29,2007-05-29,1986,345,24
376,Pammy Wenzel,23750.4,1985-09-30,1981,407,37
377,Collen Borton,28514.37,1994-10-13,2017,462,28
378,Somerset Metzing,13933.06,1993-10-29,1986,145,10
379,Gallard Colkett,11751.64,1964-04-02,2004,298,45
380,Annabel Shepperd,20297.39,2005-09-24,1981,336,23
381,Bridgette Orwin,39865.71,1979-02-23,1997,399,17
382,Lamond Entreis,30280.91,1986-08-09,1987,347,44
383,Luelle Hubbucke,28953.53,1999-06-27,2000,386,36
384,Verile Sodeau,22885.57,1968-04-06,1984,435,65
385,Alaster Le Borgne,18564.03,1998-03-30,2000,397,67
386,Abigael Thackeray,40777.34,1960-04-06,1988,28,14
387,Vivia Pountney,23654.91,1976-02-06,1977,392,42
388,Lenette Faiers,43581.39,2001-08-17,1989,319,39
389,Leonerd Lydford,47803.78,1960-02-25,2007,138,16
390,Templeton Divina,29933.76,1992-01-02,1975,150,72
391,Siobhan Boycott,33288.72,2011-12-01,2010,273,29
392,Orville Butlin,11901.99,1974-09-22,2012,205,11
393,Katuscha Rivaland,43877.38,1983-06-14,2021,88,51
394,Nikkie Chesser,17239.29,1976-09-12,2014,254,29
395,Adolph Dagnall,29122.56,1991-09-05,2004,421,47
396,Britta Biever,30916.88,1977-11-12,1983,84,74
397,Cynthy Spincks,26839.11,1971-07-14,2014,492,73
398,Albrecht Wraxall,33626.73,1997-07-28,2004,432,54
399,Carola Dealey,17773.5,2000-12-01,2000,44,48
400,Delaney O'Hogertie,24384.19,1961-05-24,1991,188,12
401,Winne Luxen,11062.12,1991-10-27,2016,442,48
402,Oralie Donner,26685.53,1984-05-17,2001,266,25
403,Dalt Jobbing,40053.85,1962-12-01,1997,203,67
404,Kelvin Shackesby,33022.56,1973-09-04,2002,45,35
405,Frazier Rumgay,38073.06,2004-07-16,1981,206,11
406,Edward Timperley,17773.28,2012-06-19,1991,254,18
407,Janeva Libero,11925.63,1992-02-04,1991,275,54
408,Lodovico Bowness,22678.91,1974-04-08,2010,500,58
409,Merrill Varker,29023.75,1980-03-12,1976,43,37
410,Joletta Gonneau,40709.07,1960-04-28,2001,256,61
411,Clerkclaude McCulloch,33854.53,1987-11-27,1995,196,17
412,Greg Thickins,22106.11,1977-04-01,1982,225,59
413,Meagan Glazzard,23601.36,1993-12-05,2006,14,72
414,Annabel Nuttall,40805.62,1962-07-10,2010,258,75
415,Moll Danelutti,22237.23,1961-01-22,1978,265,3
416,Hendrika Fleckno,40542.86,1970-05-24,1994,60,59
417,Rosita Pear,39453.04,1960-12-19,1988,380,11
418,Austen Kellen,24373.99,1970-09-05,2020,109,18
419,Ethelyn Thrush,15892.76,2000-02-13,1978,363,31
420,Ronalda McCuis,23719.39,2009-05-09,2007,79,8
421,Goran Leversha,44780.05,1983-10-21,2009,493,69
422,Sigfried Hallwood,19632.1,1972-10-23,2020,234,70
423,Ferdinanda Fendt,14216.46,2008-10-25,1984,171,57
424,Christophe Goldspink,21882.69,1964-12-31,2004,40,22
425,Humfried Leming,48434.6,1967-03-25,2016,418,47
426,Rob Farrey,18250.07,2010-04-05,1980,331,18
427,Dottie Odams,13959.63,1996-07-13,1984,253,38
428,Celina Hogsden,32972.68,1988-05-02,2017,247,41
429,Mufinella Keys,29131.14,1960-06-06,1977,96,75
430,Joe Toll,47302.18,1996-03-04,1979,263,14
431,Rhodie Hasloch,35682.67,1996-11-15,1995,96,20
432,Natalina Gimson,17424.06,1971-07-05,1985,186,63
433,Sarah Grebert,19400.37,1983-11-14,1999,153,18
434,Maisey Robshaw,42303.75,2008-02-06,2001,354,18
435,Stefania Maciejewski,44219.53,2013-04-30,1992,217,74
436,Steven Zaple,12998.01,2009-06-19,2013,39,14
437,Winona Ratnage,43679.64,2011-04-19,1988,56,73
438,Richmound Craydon,42333.21,1979-09-18,1997,345,37
439,Berti Brisco,47933.82,1990-11-02,1981,58,4
440,Mirelle Sodo,35591.15,1965-04-14,1990,435,41
441,Nanci Bice,31160.88,1968-08-16,2021,128,55
442,Fania Payze,24439.31,1973-09-07,2000,64,3
443,Rhys Jura,15324.63,2002-05-20,1989,215,25
444,Pennie Aujouanet,48760.73,1969-06-29,2012,315,54
445,Melloney Sloyan,44319.72,1992-02-14,2003,45,8
446,Nate Millimoe,41541.2,1979-03-26,1989,338,56
447,Brana End,23432.32,2008-10-19,1975,472,50
448,Nesta Bellerby,27731.59,2011-08-20,2000,183,23
449,Leroi Laugherane,27689.87,2006-05-27,1997,451,29
450,Dedie Hyndson,47856.96,1982-05-27,1992,186,15
451,Silvain Loxley,41420.87,1990-10-16,1991,468,56
452,Georgie Matz,32284.52,1973-02-18,1983,234,10
453,Melinde McGaughey,45348.59,1994-07-03,2015,254,51
454,Pryce De la Feld,20405.13,2005-05-16,2021,187,8
455,Marget Pegrum,15298.63,1979-09-06,1989,379,38
456,Nelli Tirkin,37906.19,2011-11-20,1985,228,9
457,Gayler Talmadge,27301.2,1963-11-12,2011,253,47
458,Lem Line,11526.03,1995-10-04,1983,288,75
459,Noel Abele,33703.17,1964-03-15,1992,251,51
460,Adriano Delacourt,28559.66,1977-12-23,1990,236,59
461,Nollie Possel,17722.91,1999-05-18,1995,243,39
462,Yancey Stoltz,25814.07,1980-03-08,1982,8,3
463,Kliment Skryne,28559.28,1998-09-07,1986,120,68
464,Oriana Lenaghen,18445.84,2000-10-12,2006,452,33
465,Saidee Lathee,12239.41,1978-04-22,1996,201,38
466,Hillie Stainburn,46962.21,1998-03-10,2016,384,20
467,Cristionna Duny,19813.29,1961-09-20,1990,182,49
468,Armin Cicullo,24877.32,1963-08-22,1986,159,34
469,Abramo Pumfrey,10238.68,1996-04-22,1979,119,75
470,Adda Eddleston,41080.65,1989-08-23,1983,70,20
471,Lauretta Mattinson,47589.43,1990-02-05,2019,138,19
472,Dicky Fardoe,11969.04,2005-05-20,2008,235,23
473,Trev Larcier,24060.85,1999-04-21,2003,244,65
474,Thayne Murphy,24019.86,1964-08-04,2013,9,54
475,Addison Leckie,32197.2,1988-01-25,2003,395,16
476,Shell Dabrowski,22551.97,1994-06-06,1979,468,61
477,Kendra Bediss,16192.98,1967-10-11,1996,186,9
478,Biron MacNeillie,42060.45,1961-09-05,2004,439,71
479,Lauritz Rowbottam,13622.26,1979-01-10,1986,478,14
480,Yehudit Quilliam,31675.2,2014-12-15,2003,82,72
481,Pavlov Tappor,34593.8,2013-01-29,1990,153,34
482,Arlena Mixer,45698.37,1999-04-06,1999,387,30
483,Onofredo Risbrough,32612.2,1980-04-22,1988,423,36
484,Inesita Handy,27702.59,1985-12-31,2000,290,68
485,Sibyl Shackleford,24467.38,2008-05-05,2007,344,11
486,Gunilla Reid,19430.82,1987-03-05,1985,247,40
487,Halimeda Niccols,16642.15,1996-03-13,1994,205,3
488,Bethina Vowels,32344.76,1963-02-10,1978,18,55
489,Katie Berardt,33419.95,1964-05-10,2005,397,55
490,Robin Janoschek,22472.12,1976-07-29,2010,122,4
491,Carny Embery,26246.92,1985-05-13,2005,181,41
492,Agneta Duran,29751.69,2002-10-08,1984,295,19
493,Sandy Gadault,21290.2,1969-05-05,2015,315,12
494,Charley Snipe,20209.6,1972-08-16,1992,242,32
495,Luce Santus,25716.03,1967-07-15,1990,431,33
496,Prentice Sherland,34506.61,1999-10-09,2015,497,5
497,Radcliffe Cregg,10852.5,1967-09-23,2012,122,18
498,Judye Clemow,26176.12,2008-05-04,2008,283,1
499,Nathalie Stormont,41402.8,1985-04-27,2006,167,65
500,Kristoffer Bellee,42855.27,1985-07-15,2012,223,60
501,Derry Penvarden,12307.21,1980-12-08,2016,356,11
502,Becky Staten,21539.88,1997-09-06,2018,404,25
503,Catlin Devorill,21437.27,1977-09-02,1984,294,42
504,Arabella Tatters,17115.75,1991-10-18,2013,326,49
505,Elyse Aucoate,33523.68,1982-08-09,1990,423,70
506,Merrick Grayham,31587.09,2002-01-04,2001,103,32
507,Petra Folbig,22149.22,1982-06-07,2012,270,10
508,Kristos Filkin,46194.12,2008-08-15,2010,203,54
509,Sherwood Van Arsdalen,46856.53,2005-02-10,2000,335,71
510,Avrit Skittrall,41371.74,2014-04-04,2014,262,63
511,Tammy Mewrcik,37377.89,1995-06-11,2012,370,23
512,Rosalie Bauduin,10944.16,1988-03-12,1996,328,31
513,Ode Jaukovic,27485.99,2014-01-24,2002,63,24
514,Viole Farnish,40490.49,2002-03-08,2004,237,39
515,Vidovic Hail,20001.7,1991-09-24,2001,442,35
516,Fair Wetherell,28792.95,2012-05-20,2015,146,64
517,Melisande Champkins,27647.46,2006-04-01,1994,179,8
518,Whitney Tunniclisse,46744.44,1968-02-23,1997,250,46
519,Aleen Tubritt,49192.73,2010-09-01,1976,369,29
520,Durand Dabs,41542.7,1972-01-12,1982,315,50
521,Tirrell Raeside,47379.48,1973-06-17,2017,131,16
522,Joelie Lightning,12267.62,1987-03-30,1993,288,37
523,Claudette Clemerson,41697.58,1987-07-12,1995,171,74
524,Hyacinthie Speechly,37378.26,1960-01-28,1990,369,40
525,Burty Villiers,17325.06,1962-08-10,2016,50,6
526,Laurette Sidlow,26559.7,1969-01-26,1985,407,2
527,Ainslee Brass,14761.42,1991-08-17,2019,237,28
528,Mellicent Forrest,42736.9,1961-10-25,1988,250,73
529,Donia Soot,14839.09,2002-02-17,2012,16,66
530,Bret Garlette,35363.77,1967-05-25,2005,350,57
531,Emmye Litchmore,25284.97,2000-08-25,1984,332,44
532,Valentine Baggiani,23086.73,1981-11-09,2012,17,31
533,Myriam Etherson,45192.78,2012-11-03,1978,212,56
534,Brook Hambrick,31582.31,1971-06-13,1977,477,20
535,Otes Phythean,47197.34,1971-09-20,2010,82,15
536,Tisha Dolden,10252.76,2008-09-07,1986,339,65
537,Theda Monget,31174.51,1985-09-21,1983,400,2
538,Chelsae Dimberline,14186.67,2005-09-29,2000,338,57
539,Buddy Kennifick,22124.71,1962-07-02,2003,205,4
540,Alfred Marushak,30054.09,1981-12-28,2004,69,7
541,Onfroi Reyner,48601.4,2005-01-30,2003,5,28
542,Jamey Deller,48394.1,1975-04-07,2013,317,32
543,Shannen Braghini,10583.05,1989-12-26,1983,67,16
544,Elaina Girardeau,28585.98,1972-01-24,2015,408,57
545,Nobie Kuhnhardt,13698.46,1986-01-13,2008,184,17
546,Farrand Dybbe,14004.07,1962-01-27,1996,55,2
547,Elaine Moorhouse,45836.94,1997-10-22,2014,119,15
548,Jerrine Iannelli,16584.72,1967-06-12,1988,297,62
549,Ruthy Divina,24796.53,2002-01-02,2002,252,61
550,Khalil Delph,36708.85,1966-10-21,1993,142,64
551,Normy Huntingdon,47329.63,2014-08-31,2020,65,3
552,Chaddie McGucken,21523.08,1984-03-24,1994,328,71
553,Jasmina Iley,17489.69,1970-05-06,1986,113,24
554,Steward Taylor,17859.02,1968-03-26,2004,339,20
555,Latashia Bazley,17397.47,2010-11-11,1988,202,75
556,Gunther Siderfin,28826.31,1997-03-09,1987,205,10
557,Avis Curnucke,40546.5,1966-09-14,2018,132,28
558,Cyndia Cruddas,24374.55,1986-06-20,2010,282,53
559,Gilly Spary,16966.98,1975-12-11,2012,207,11
560,Pavla Petrussi,43006.2,1964-12-19,1983,439,71
561,Rowena Goodyear,34473.54,1997-02-01,1987,431,38
562,Gerhardt Boatwright,21619.73,2012-06-01,2007,52,8
563,Vivia Fitchew,37434.96,1971-08-26,2020,392,37
564,Pooh Wartnaby,19203.57,1987-09-20,2004,445,19
565,Emory Klesel,35012.12,1964-03-05,2020,267,25
566,Floris McGerr,10069.08,1969-09-08,1999,282,32
567,Marlin Hartley,37242.42,1981-09-02,2020,126,60
568,Nana Gyngell,16109.57,2012-05-07,1982,311,47
569,Helga Simper,36480.46,1978-04-05,1983,344,42
570,Charin Barrar,14156.86,1994-08-11,1994,185,59
571,Dante Thomann,14974.91,2002-11-17,2005,97,73
572,Melosa Godrich,15574.2,1973-07-15,2014,91,13
573,Maryjo Trayton,18638.04,1991-07-08,2019,63,42
574,Brietta Beedle,20370.02,2011-09-09,2011,415,47
575,Kiersten Byneth,45230.38,2001-05-20,1995,475,26
576,Darelle Wardle,28755.54,1972-01-24,1977,356,71
577,Kordula Trunby,11559.66,1991-03-25,1998,135,73
578,Craggie Fairman,40141.98,1961-05-04,1991,50,33
579,Sven Spalding,30760.92,1972-03-06,1994,493,37
580,Kerry Colcutt,41998.59,1963-03-01,1975,297,19
581,Gussi Izon,48383.21,1963-08-30,2002,267,59
582,Eileen Lang,39242.99,1962-06-09,1989,332,17
583,Natasha Mc Kellen,15608.13,1990-04-08,1986,74,35
584,Alvy Crabbe,21548.2,1998-12-06,1997,147,39
585,Farah Permain,19124.24,1996-07-08,2005,11,34
586,Adara Darke,25657.27,1972-07-13,1985,418,72
587,Joeann Rendbaek,40335.59,2011-10-09,1997,55,15
588,Wallis Grieveson,14002.73,1960-04-17,1989,83,52
589,Katharina Stoggell,17100.07,1978-11-23,1999,92,65
590,Elmo Newis,22569.48,1968-01-05,1980,270,56
591,Philippe Romi,24108.39,1964-02-04,2011,412,12
592,Marta McDill,11443.5,2008-09-01,2007,329,43
593,Dani Endacott,31768.83,2009-10-25,2014,134,43
594,Fey Bernlin,17378.03,2009-02-22,1999,106,34
595,Debee Hecks,12479.19,1969-07-19,1998,148,19
596,Cele Paula,22706.29,1985-07-31,1989,41,72
597,Ketty Senussi,21385.14,1971-02-27,1983,61,49
598,Feodora Pantry,47449.56,1998-03-12,1978,417,59
599,Linzy Julyan,10262.06,2006-04-14,1994,108,15
600,Bartholomeo Moxham,22797.24,1999-08-04,1978,147,62
601,Jarrett Pomfret,10458.53,2007-09-29,1979,470,53
602,Babara McClifferty,13582.24,1961-08-01,2005,486,23
603,Aurelia O'Flannery,37441.47,1984-03-18,1985,355,73
604,Amie Orthmann,38456.44,1972-10-28,2017,186,42
605,Frannie Pedrollo,42380.44,1970-04-13,2002,84,36
606,Fernande A'Barrow,48420.47,1964-06-19,1984,419,23
607,Rosa McCuish,38373.33,2013-11-05,2020,178,11
608,Amil Klainman,39001.37,2007-05-14,2018,452,20
609,Ruddy Lindley,32644.39,1970-04-10,1980,354,29
610,Jacinta Lumsden,15057.63,1960-02-05,1991,446,33
611,Natty Rostern,23103.87,2005-11-23,2021,130,10
612,Humfrid Geraghty,47774.53,1969-03-07,1979,168,41
613,Bella Rao,25646.58,1968-12-19,1976,117,48
614,Pennie Jedrzejkiewicz,41723.79,1970-12-16,1976,205,6
615,Consuela Halliberton,42961.34,1990-12-16,1980,140,5
616,Yvette Fysh,41024.32,1975-10-10,1980,362,19
617,Gwenny Farlane,45011.35,1994-05-21,2012,464,65
618,Ethelyn Kears,34917.75,1972-07-19,2009,478,30
619,Mortie Phoenix,13111.52,1975-07-07,2012,287,73
620,Mathilda Lackey,45514.27,1981-12-15,1994,83,75
621,Les Tortis,10566.84,1999-02-24,2009,113,7
622,Glennis Ortells,19525.83,1960-10-23,2003,364,34
623,Allina Bailess,38896.34,1969-09-18,1995,228,36
624,Lydie Harmond,24590.86,1980-09-13,2011,429,30
625,Clarance Coit,49144.11,1988-12-15,1981,325,40
626,Jeralee Mapples,49083.2,1976-01-08,2002,214,41
627,Pierce Snashall,45172.94,1980-07-15,2009,193,23
628,Dimitry Fieldsend,21359.25,1987-12-10,2000,130,46
629,Aguste Rugieri,16823.63,2005-02-05,2019,71,5
630,Nanine Musson,28029.57,2003-08-09,2009,370,4
631,Patience Hundal,12112.73,2012-09-24,2008,16,70
632,Rosy Carlan,49467.05,2012-03-09,2011,487,1
633,Bronny Byrne,49312.84,1977-09-08,2009,324,41
634,Jewel Dulling,25039.97,1992-08-04,2015,60,25
635,May Dosedale,47555.19,1973-11-23,1991,149,2
636,Vida Reddell,33451.87,1995-10-26,1980,80,63
637,Andreana Orange,10090.31,1966-11-21,1986,440,18
638,Viole Clever,45595.48,1960-12-07,2019,470,34
639,Jack Stoll,29624.41,2013-10-28,1990,373,66
640,Royal Labet,25638.41,1965-04-20,2016,172,47
641,Joceline Bickford,19543.21,2004-03-20,1998,474,4
642,Tanner Goodfellow,23411.19,1970-03-08,1985,323,54
643,Derk Denton,17103.03,1987-04-16,2000,9,47
644,Jolene Griffithe,31008.22,2003-12-13,1977,159,72
645,Nadiya Diggens,25420.44,2004-04-06,2016,416,13
646,Horatius Junkison,36691.48,1998-08-30,2014,3,6
647,Gretel Mowatt,18802.32,2013-05-18,2013,311,24
648,Gery Biaggetti,21981.6,1972-04-28,2013,37,28
649,Patrice Tallquist,44412.05,1998-04-18,1992,15,54
650,Reynolds Loughlin,18722.46,2001-08-11,2001,79,57
651,Audry Koubu,23294.81,2003-09-02,2020,133,20
652,Anjela Gargett,32668.98,2003-10-29,1995,453,66
653,Simonette Carlan,21340.41,1977-05-07,2000,159,35
654,Sutherland Bartolomeo,42255.79,1984-01-18,2001,322,64
655,Hogan Peron,29545.66,1973-03-16,2018,387,16
656,Marcy Phizaclea,37722.94,2006-04-13,1994,229,43
657,Robby Harlow,12525.59,1976-05-22,2017,198,60
658,Remus Shooter,14916.21,1987-06-18,1975,497,58
659,Theodora Milington,23689.71,1978-09-23,1999,272,25
660,Wood Prosek,36169.53,1987-02-26,1993,41,67
661,Jannel Primett,44254.29,1995-08-21,2003,46,62
662,Inesita Hertwell,43021.14,1981-01-21,1999,191,73
663,Nels Hensmans,26484.95,1999-08-25,1979,89,72
664,Conant Lavies,45105.27,1985-07-11,1979,227,73
665,Bryce Agate,35376.12,2008-11-06,1990,4,58
666,Gretel Korneev,36481.01,2013-11-15,1991,44,63
667,Peri Bilam,27687.07,1992-07-12,2004,385,50
668,Keri Hollyar,38714.19,1993-12-31,2019,230,37
669,Darrelle Giovannelli,26946.32,1964-10-29,1999,430,15
670,Georgy Zavattero,36293.62,1988-06-09,2020,140,63
671,Moyna Lyes,30920.82,1962-09-17,2007,480,35
672,Jimmy Zanolli,48947.57,2008-02-19,1995,131,35
673,Elyssa Tanslie,14872.08,1976-09-18,1991,302,29
674,Jillene Pideon,30291.66,1966-05-27,1996,452,26
675,Alverta Dover,41307.01,1963-10-27,1998,435,47
676,Albertine Sherman,40986.61,2004-10-28,2006,461,16
677,Corbie Tidswell,16153.8,1962-08-25,2008,147,35
678,Patsy Antliff,21260.82,1961-07-03,2019,495,21
679,Marcellus Sewley,32985.03,2002-12-03,2021,153,4
680,Bartolomeo Douberday,10894.89,2014-07-04,1985,215,12
681,Benjy Parriss,49542.21,1967-11-28,2001,405,62
682,Gunner Sabatini,19737.37,1996-09-08,2020,344,40
683,Selig Whyberd,43052.39,1996-05-22,1988,175,12
684,Jarvis Taaffe,38034.78,1962-11-17,1994,331,17
685,Jacynth Albery,29166.22,2010-08-29,1978,192,65
686,Edsel Foston,40927.1,1986-11-06,1981,480,53
687,Cherilynn Lots,41727.36,1979-03-02,1975,153,12
688,Elfrieda Bampford,21404.7,1987-11-12,1998,278,14
689,Addi Nulty,25913.38,1985-01-19,1998,433,57
690,Misha Bannester,49744.62,1989-02-09,1998,481,8
691,Gabriel Tumility,40135.51,2014-10-07,2000,155,37
692,Bevvy Botley,27336.04,1960-08-12,2010,24,64
693,Barret Hadwen,25332.45,1985-08-09,1978,419,25
694,Tatiana Alty,28871.25,1973-01-25,2012,283,61
695,Doroteya Mocker,20780.18,1981-10-23,1987,208,46
696,Heath Laister,25638.66,1968-09-09,1993,111,27
697,Sherrie Culligan,34972.15,2002-10-09,2017,348,41
698,Stacia Meeus,21810.67,1967-05-12,1989,110,70
699,Darelle Leates,21157.05,1975-12-15,2018,3,35
700,Allin De Blasio,36590.97,2002-09-04,1990,243,18
701,Bev Falconbridge,40361.27,1980-08-28,1975,483,69
702,Louis Gallemore,15498.69,2006-03-21,2001,70,8
703,Anatole Tully,37972.27,1961-12-15,1984,268,26
704,Rosco Hancorn,48411.56,1997-05-12,2015,95,22
705,Haily Manach,29561.46,1985-10-09,1997,175,15
706,Aurelie Fuller,41440.4,1970-10-24,1978,417,52
707,Madel Latliff,17877.62,1967-06-09,2007,364,27
708,Dianna Carmont,16388.45,2013-06-22,1985,63,28
709,Jermaine Klehyn,36022.0,1998-12-21,2014,33,32
710,Ameline Michelin,45236.04,1980-01-07,1994,31,72
711,Lonna Hamby,16336.94,1989-07-26,1997,435,7
712,Ring Menel,28675.55,1975-02-27,1988,385,72
713,Lonnie Iacovides,19867.95,1984-12-20,1981,449,35
714,Harwilll Craufurd,34477.23,1970-11-24,1985,431,7
715,Vittoria MacAleese,13887.33,1970-01-02,2002,54,15
716,Rebekkah Risson,39357.48,2006-03-24,1998,414,21
717,Daryle Galliver,22994.98,2014-09-11,1997,310,13
718,Alida Accomb,14696.5,2002-04-02,2008,196,31
719,Marget Ferrettino,29638.44,2011-04-17,2002,307,32
720,Ivonne Gauden,40921.66,1995-05-22,2012,433,36
721,Cesya Callis,35491.07,1988-08-09,1998,232,43
722,Shoshanna Gradly,15884.55,1993-11-10,1986,132,57
723,Courtney Pipkin,20185.53,1995-10-25,1996,56,68
724,Glyn Beecroft,43938.85,1993-06-05,2016,253,42
725,Parke Norssister,45700.52,2000-06-05,2008,418,61
726,Vilma Giffard,36598.52,2012-12-25,1993,158,51
727,Gunther Marking,12524.46,1979-04-15,1986,437,67
728,Sheffield Vallery,46529.71,1967-06-02,1975,175,28
729,Susi Fuidge,40337.07,1966-02-13,2012,212,5
730,Stephan Norcott,21462.59,1961-12-18,2012,440,24
731,Fayre Lago,46596.82,1961-08-13,1979,223,43
732,Maxine Ashborne,32494.82,2011-07-27,2013,243,14
733,Charlot Tapscott,34702.05,1988-07-16,1991,48,9
734,Garreth Gascoigne,40316.42,1982-04-28,2021,231,36
735,Danyette Panchen,42812.22,1973-11-20,1988,458,19
736,Brittni Treneer,10930.85,1960-09-14,2013,227,46
737,Nessy Perche,46693.94,1995-05-21,1981,242,11
738,Ali Maliphant,28705.94,2011-03-10,2013,38,69
739,Alayne Fallawe,26200.41,1978-04-25,2009,114,34
740,Aida Shimuk,20400.56,2010-10-21,2004,402,70
741,Janka Van Dijk,28587.02,2002-03-28,2004,79,9
742,Torrin Desorts,41188.21,2010-04-18,1993,151,36
743,Clevey Earengey,31886.65,2013-04-13,1995,402,41
744,Ladonna Ivanyukov,27911.87,1975-12-27,1982,143,23
745,Maressa Lewnden,13291.67,2004-05-22,2012,463,41
746,Bendicty Merrill,41595.69,2005-08-21,2006,58,18
747,Valry Starmer,24974.59,1995-06-03,2012,391,43
748,Jerrilyn Keeves,29049.25,1983-02-11,2012,76,65
749,Morgen Cosins,24344.74,1978-01-03,1979,431,52
750,Wilmar Dwelly,44828.4,1982-09-30,1979,87,26
751,Meade Roostan,42294.01,2011-07-15,1983,24,40
752,Dorthea Galego,41773.57,2004-01-03,2011,171,63
753,Corabel Moorcroft,23351.51,2001-02-24,1987,28,8
754,Teddy Chandler,46522.32,1961-02-11,1995,65,50
755,Davidde Arlott,37174.88,1975-07-28,2016,388,47
756,Niki Plose,29075.83,1988-01-07,2014,158,30
757,Alvin Balden,47298.26,2007-06-06,2002,184,43
758,Berkeley Norrington,30893.7,2003-06-18,2014,226,18
759,Aurelea Lampen,35155.78,1985-07-24,2000,463,21
760,Sena Pammenter,17219.77,2003-09-10,2010,498,19
761,Barrie Renfield,22676.18,2012-04-16,1976,392,61
762,Shepherd Roddan,40840.26,1972-02-21,1977,468,11
763,Scotty Scarse,37983.35,1975-05-21,2002,308,6
764,Ryun Do Rosario,34831.06,1984-12-22,2005,389,68
765,Glynis Sanderson,16679.36,1996-12-11,1996,122,60
766,Christy Bradly,33199.49,2010-10-30,2001,416,69
767,Raymund Ivanyukov,20922.11,1973-04-04,2011,273,34
768,Constantine Jedraszek,11544.86,2005-08-01,1975,424,10
769,Celina Heephy,20916.1,1999-06-10,1986,332,62
770,Susana Haythorn,17308.94,2000-11-29,2010,209,55
771,Gabrila Boost,15874.7,1965-08-27,1981,274,25
772,Juliet Castelow,27198.27,1980-07-10,2007,165,72
773,Claudio Leebetter,12678.36,1963-01-19,1978,64,50
774,Alexio Aristide,10381.57,1966-02-26,1984,212,25
775,Lucian Tanti,17273.39,1967-12-29,1993,420,8
776,Ivette Aujean,37733.15,1978-01-23,1998,8,40
777,Terencio Jasik,35467.8,2005-07-03,1999,276,64
778,El Mcimmie,31331.08,1997-03-05,2006,84,54
779,Burg Bendall,24143.99,1987-12-03,1998,257,8
780,Terrie Limbourne,45079.21,1996-04-04,2019,99,23
781,Solomon Deeprose,46278.07,1990-04-19,1978,79,12
782,Cesar Chardin,48313.47,1969-01-19,2001,330,44
783,Lacee Knowles,30587.23,2005-09-23,1978,50,28
784,Crysta Larchier,20217.66,1977-02-19,2017,154,5
785,Celisse Christon,13032.09,1983-10-17,2015,472,44
786,Jereme Lindhe,48719.41,1978-12-13,2011,266,58
787,Simone Pariso,35893.02,1977-10-16,1979,487,15
788,Forrest Ruller,24757.28,2013-09-12,1979,288,22
789,Katie Creebo,17072.03,1979-11-25,2014,173,53
790,Brinna Conring,18374.77,1999-08-23,2013,157,66
791,Early Franssen,26789.89,2012-08-19,1991,474,13
792,Kristoforo Sheward,49608.03,1981-03-03,2002,213,66
793,Garold Clerke,46661.52,1994-07-30,2000,36,56
794,Sheilah Leggen,48124.52,1965-03-14,1986,311,4
795,Theo Balm,30641.19,1976-11-20,1996,408,20
796,Elwood Fudger,39228.54,2010-06-23,2016,340,7
797,Kennie Burnup,42106.8,1965-09-07,1999,51,43
798,Brana Ebben,42183.85,1981-06-09,2017,431,7
799,Celle World,29138.74,2007-05-06,1977,28,30
800,Jackquelin Warrick,15166.46,1989-04-16,1998,83,41
801,Darcee Piatek,24428.56,1993-03-27,1975,71,18
802,Frankie Thaxter,26851.85,1962-12-25,2009,467,1
803,Christie Ickovicz,18327.14,1999-07-07,2019,278,23
804,Benoit Munroe,11629.04,1988-08-22,1997,97,52
805,Karna Causon,31399.71,1978-06-28,1992,465,10
806,Thaxter Goodspeed,44181.31,1965-12-29,1980,391,49
807,Perry Kovelmann,18920.84,1981-06-21,2017,62,59
808,Nannie Coverley,16231.15,2013-03-07,1975,393,56
809,Stoddard Goodwin,29356.39,1973-12-20,1981,319,35
810,Lily Stothard,27489.25,1973-01-05,2009,362,31
811,Celka Osanne,21357.43,2006-10-20,1998,477,4
812,Pippy Kingdon,35225.83,1994-11-26,1999,43,33
813,Bret Terne,15196.03,1996-09-06,2013,177,54
814,Nesta Stanley,39414.61,1983-08-11,1995,332,28
815,Clarette Bridywater,21608.17,2002-03-26,1989,425,3
816,Arleta McSperron,43817.88,1972-11-20,1997,254,26
817,Wally Moulin,44653.31,1994-02-16,2015,397,56
818,Zebadiah Ambrosoni,43706.29,1990-01-31,1990,72,26
819,Odille Dreher,20313.55,1965-09-18,2002,401,62
820,Ryann O'Farris,19488.46,1998-02-09,2009,13,34
821,Rustin Siemons,33970.16,2008-11-14,2005,462,14
822,Chicky De Blase,30813.25,1968-04-25,1988,14,13
823,Lucien Doornbos,36869.94,2007-01-07,2006,322,65
824,Eugine Trehearn,38170.32,1983-11-30,1987,312,27
825,Ashley Peaurt,34983.22,1969-06-12,1998,151,9
826,Antoine Polak,40204.4,2007-07-29,2004,499,56
827,Miran Pylkynyton,45885.11,2004-09-28,1989,35,13
828,Jeralee Magne,35657.37,2013-07-03,1976,172,53
829,Clari Mynott,11106.27,2013-12-07,2006,100,52
830,Garald Bergstrand,22005.09,1966-10-02,1975,195,16
831,Celie Rubbens,44835.1,1996-05-21,1977,129,70
832,Idelle Tidbald,48648.09,1965-09-04,1985,332,43
833,Guglielma Yosselevitch,25121.14,1988-11-12,2013,408,44
834,Julienne Jado,49106.43,2006-10-30,1992,383,57
835,Thacher Sunnex,33698.22,1967-10-10,2014,49,71
836,Lyndy Pettyfar,17672.46,1990-08-23,2013,375,50
837,Reed Bolton,30637.65,1983-12-16,2014,448,52
838,Janetta Tregea,49555.77,1989-07-25,2000,471,12
839,Del Wicklen,35035.84,2007-09-19,2014,364,10
840,Roland McPharlain,30267.15,2008-07-31,1992,103,39
841,Vaclav Loynes,44848.66,1987-11-02,2004,34,28
842,Moshe Branscomb,44398.32,1991-11-06,2003,25,67
843,Stella Leggan,46393.2,1967-02-19,1988,244,14
844,Malinde Cassells,30127.39,1997-02-18,1979,477,13
845,Waylon Jatczak,35565.9,1994-03-02,2009,385,30
846,Hazlett Amesbury,21306.67,1976-04-23,1992,14,43
847,Lacey Frisch,44732.77,1980-10-03,1992,231,74
848,Alethea Sapsford,14830.13,2013-07-05,2010,250,5
849,Carolus Wysome,16455.19,1995-08-07,1987,389,58
850,Wilhelmina Accum,37643.0,2008-03-15,1984,444,13
851,Bekki Hassey,21012.81,1966-02-05,1978,476,47
852,Ernestine Naseby,39684.09,1987-08-29,1983,224,11
853,Terry Bretherick,37262.65,2009-08-24,1983,399,56
854,Rolland Liccardo,42857.05,1995-07-02,1979,240,60
855,Lelia MacKibbon,42655.16,1972-11-15,2003,85,38
856,Powell Hannaway,45996.31,1978-09-26,2006,269,32
857,Sandor Critchard,30793.62,1961-05-12,1996,132,7
858,Thibaut Cardozo,46998.7,2000-05-24,2018,6,65
859,Tiebold Jagson,45636.62,1967-10-05,1982,152,11
860,Rance Flores,49722.42,1969-08-23,2015,209,16
861,Alford Ansell,21918.39,1986-06-08,1991,337,63
862,Donall Grunnell,26662.59,1995-11-06,2004,154,21
863,Shelby Nekrews,32215.36,2012-10-19,2004,10,51
864,Dene Latey,20352.74,1978-08-04,2013,361,63
865,Richie Simmen,23582.42,2014-03-06,2002,500,17
866,Oralee Barwack,17069.32,1990-12-14,1978,64,59
867,Annmaria Lissett,13324.67,1990-02-11,1978,211,69
868,Ferrel Sollas,45784.31,1963-06-23,2004,308,50
869,Nyssa Portman,17039.02,2002-05-19,2004,164,40
870,Martin Lusk,33683.63,2000-02-20,1993,203,34
871,Allie Breckin,40758.99,1994-04-16,2012,486,75
872,Vassili Winship,16813.58,2013-09-14,2021,404,59
873,Mil Alcorn,35802.88,1961-11-25,1988,292,36
874,Hyacinth Stryde,49962.77,1968-03-28,2021,222,24
875,Bendix Northway,33442.56,1968-08-21,1990,231,60
876,Dyana Bowring,49177.41,1996-10-21,1992,186,42
877,Twyla Fonso,44227.64,1991-01-11,1998,459,1
878,Kendra Edwins,41263.38,1993-03-21,2008,107,29
879,Alica Renneke,43627.65,1963-04-05,1985,157,67
880,Marjy Gillanders,11693.89,1973-07-22,2012,71,61
881,Lottie Gilroy,17253.57,2011-07-11,1991,332,10
882,Eddy Palfree,15381.48,1976-02-17,1987,464,46
883,Steffen Sillick,16897.74,1994-11-18,1997,354,3
884,Carole Gell,45084.37,1988-09-14,2003,4,10
885,Brannon Corradetti,48239.62,1962-01-22,1979,240,24
886,Jelene Noen,18479.74,1966-02-25,2003,224,4
887,Marthena Piatkow,26155.08,1973-04-25,2013,368,28
888,Yasmeen McNevin,13741.04,1979-05-04,1976,343,1
889,Libbie Bedlington,25688.66,1989-04-17,1988,445,67
890,Titos Dobbing,19705.45,2012-11-21,2016,95,70
891,Kerrie Mothersole,26424.69,1998-10-27,1976,338,34
892,Flin Klassman,34221.77,1963-09-07,1976,215,53
893,Erminia Accum,33780.72,2010-05-11,1987,261,2
894,Aeriell Andreoletti,23376.12,1961-09-07,2011,351,24
895,Mariana Leppingwell,20578.67,1968-12-18,2018,50,52
896,Merilee Scamadin,18421.73,1963-11-19,1975,14,56
897,Corrinne Goulden,10449.99,1991-01-30,2015,92,64
898,Dell Rubury,27510.91,1987-12-03,2004,499,6
899,Sari Piercy,13365.07,1993-04-24,2007,151,64
900,Felicdad Huband,26591.34,2011-04-26,2017,344,5
901,Harley Oldroyd,31861.1,1979-04-12,1976,475,14
902,Julianne Batman,25226.16,1980-11-14,1982,279,7
903,Leeanne Paty,15029.78,1988-06-21,1984,414,54
904,Phillipe Easdon,13487.87,1970-10-26,2010,341,18
905,Olag Dytham,21362.11,1981-01-12,1981,100,71
906,Misti Belverstone,19960.09,1969-08-31,1991,493,63
907,Emera Truter,16065.97,1996-09-12,1994,240,24
908,Karoline Harkess,12168.45,1991-02-22,1984,359,37
909,Shoshanna Popeley,43517.67,2000-08-11,1980,266,20
910,Tiff Ruzek,16959.93,1962-01-16,1979,251,57
911,Zechariah De Filippis,46760.78,1974-02-01,2004,140,34
912,Sasha Shawyer,22545.91,1995-10-18,1976,340,9
913,Les Daens,16926.69,1963-09-02,1979,19,20
914,Urbano Klais,41693.59,1996-10-06,2012,483,14
915,Mellicent Haselwood,45650.19,2007-01-22,2016,88,13
916,Charlean Carwithan,45703.34,1970-05-27,2012,44,74
917,Tildy Rouge,42473.9,1964-04-12,1979,374,43
918,Dion Folliott,30764.19,1973-12-19,1990,22,49
919,Raddie Hogsden,22512.74,1974-11-21,1983,304,3
920,Dione Stimson,48150.63,1987-07-10,1993,195,39
921,Lavina Venus,11773.69,2008-12-17,2013,178,4
922,Paulie Cordy,36389.14,1961-10-07,2015,379,38
923,Inigo Seakin,36514.2,1978-08-15,1979,365,50
924,Arny Mollatt,48413.37,2007-11-26,1989,342,7
925,Gwenette Queenborough,49726.33,2007-03-20,1987,82,33
926,Maritsa McAreavey,13200.4,1971-07-24,1981,214,3
927,Kearney Lundbeck,25338.82,1992-10-15,1995,92,43
928,Pammi Le Blanc,29635.42,2013-06-17,1982,8,18
929,Fabiano Sickling,36637.22,2006-02-13,1996,307,14
930,Betti Wooffitt,39888.08,2003-06-18,1995,106,39
931,Emelen Dottrell,32788.59,1996-02-02,2019,209,11
932,Koenraad Cone,43068.55,2009-03-07,2000,471,49
933,Winni Sterrick,28674.74,1983-06-21,2018,274,74
934,Marquita Fears,37002.19,1964-12-20,1983,99,55
935,Tarra Kieff,29753.57,1969-08-14,1995,140,14
936,Jaclyn Shewry,28767.41,1973-01-17,1997,117,41
937,Cilka Ferandez,17969.37,2013-08-19,2014,200,60
938,Lula Becken,31811.15,1985-09-04,2000,488,49
939,Philippine Sowrah,17146.4,1991-11-04,1981,251,39
940,Abbey Liggins,10166.34,1974-02-07,2001,259,52
941,Lionello Knapper,43803.91,1972-05-08,2012,264,8
942,Cinderella Gelderd,15682.2,1971-12-22,2000,52,63
943,Robenia Danet,28008.78,2010-09-25,2019,444,75
944,Taffy Buesden,43081.01,1969-10-12,1980,124,19
945,Dominique Smyley,31794.55,2003-06-16,2019,76,59
946,Amalita Tennick,13554.26,1975-10-13,2019,188,22
947,Trisha Gaymar,22470.19,1965-08-30,1994,379,54
948,Ronna Mc Carroll,10795.36,1960-10-16,2015,205,57
949,Rivy Truswell,48446.04,1981-07-20,2005,13,20
950,Any Hadlee,47243.13,2014-05-07,1979,387,46
951,Anallese Isham,25623.39,1978-04-09,2003,78,14
952,Annamaria Morrice,31255.17,1974-02-09,1986,147,22
953,Othella Vaughan,42870.51,1968-04-03,1990,31,1
954,Florry Binney,16516.78,2004-10-08,2014,433,2
955,Nan Shoppee,11729.81,1993-09-26,1998,45,29
956,Rory Peppard,28190.4,1993-12-07,1989,166,33
957,Eva Hinrichsen,36344.63,2007-11-26,2013,64,13
958,Ingemar Growy,32036.81,2012-04-10,2009,416,39
959,Loleta Bauduccio,30536.81,2011-11-25,1975,395,45
960,Winni Forrester,19536.01,1962-05-25,2007,221,64
961,Emanuele Basten,42865.04,1975-10-06,2010,147,31
962,Shela McLise,42799.98,2009-05-29,1979,96,41
963,Reilly Fairholme,33430.54,1984-06-27,2014,222,74
964,Jarrett Steinson,18302.26,2010-04-23,1983,249,51
965,Samson Bennett,13661.09,1982-06-08,1985,134,25
966,Toiboid Yurevich,39421.06,2011-02-15,1978,445,42
967,Enrique Parrot,45150.34,1994-12-03,2021,307,46
968,Krissie Redgewell,36769.7,2004-05-11,2005,438,21
969,Giralda Falkner,28285.08,1978-01-20,1976,325,73
970,Clint Pacitti,44107.07,1983-10-06,1980,225,74
971,Jilly Pascho,27418.07,1969-01-25,1985,256,56
972,Wynnie Blenkin,41358.56,1988-07-10,2011,336,60
973,Lucais Schlagtmans,45058.97,1969-07-06,2001,139,29
974,Alva Klimus,36509.32,1993-07-05,2009,126,23
975,Ashlen Dowd,43875.72,1984-05-29,1978,155,17
976,Shani McGerraghty,42943.55,1974-08-25,1992,215,13
977,Clint Ploughwright,33739.17,2005-07-07,2003,261,42
978,Caresa Mattinson,32399.37,2004-10-09,2003,311,65
979,Claire Nisbith,41065.35,1970-06-20,1985,347,10
980,Kelbee Rehorek,25798.89,2006-11-21,1994,420,29
981,Aubrette Olander,14005.11,2004-12-08,1991,415,58
982,Afton Regitz,23241.57,2003-12-19,1994,419,51
983,Marlowe Epp,19845.65,1990-10-16,2013,42,1
984,Arlyn Snashall,45487.41,2010-06-27,2002,227,9
985,Cheslie Zoellner,48673.92,1963-02-27,1999,256,9
986,Magda Bickardike,23934.46,1983-05-01,2004,149,44
987,Dehlia Wollrauch,22855.09,1966-05-01,1992,364,29
988,Lombard Felipe,11431.17,1971-05-09,2021,185,51
989,Ardath Staig,30877.61,2000-03-09,2006,419,16
990,Stephie Yushankin,11003.16,1966-10-24,2009,365,41
991,Dolli Davenport,23002.95,1960-02-17,2015,381,5
992,Kelila Cheyenne,47331.08,1965-06-19,2018,225,47
993,Kelsey Stevings,12796.03,2007-03-26,1997,471,47
994,Oren Gumm,33132.96,2005-03-08,2012,419,21
995,Myriam Awty,26716.96,1978-03-05,2010,408,28
996,Perle Mussared,37444.37,2004-11-22,2017,182,6
997,Gerrilee Jantel,31287.47,1968-10-02,2004,26,7
998,Gertrud Summerscales,18910.17,1979-12-04,2005,83,60
999,Gilly Makepeace,45274.98,1963-10-17,1994,262,28
1000,Sonnie Hicks,31151.97,1991-07-03,2013,157,11
