id,name,prize
1,Baxter Healthcare Corporation,127.98
2,"G & W LABORATORIES, INC.",128.86
3,Gage Lucky 13 LLC dba Tecumseh Oxygen & Medical Supply,469.97
4,MAJOR PHARMACEUTICALS INC,90.28
5,Cardinal Health,643.29
6,Dr. Reddy's Laboratories Limited,424.45
7,Apotex Corp.,589.19
8,"Newton Laboratories, Inc.",268.71
9,"Hospira, Inc.",383.7
10,"Physicians Total Care, Inc.",97.97
11,Cobalt Laboratories Inc.,69.87
12,"Everett Laboratories, Inc.",510.73
13,Barr Laboratories Inc.,382.98
14,KJI Industrial Co Ltd,564.85
15,Receptopharm Inc.,529.08
16,"Marc Glassman, Inc.",606.08
17,"ALK-Abello, Inc.",392.23
18,"ABCO Laboratories, Inc.",426.24
19,"General Injectables & Vaccines, Inc.",397.61
20,"Sato Pharmaceutical Co., Ltd.",166.24
21,"Lantheus Medical Imaging, Inc.",526.8
22,Pekana-Naturheilmittel GmbH,565.84
23,"PD-Rx Pharmaceuticals, Inc.",403.58
24,"Nelco Laboratories, Inc.",402.46
25,Barr Laboratories Inc.,232.98
26,"Watson Pharma, Inc.",475.59
27,CVS PHARMACY,277.31
28,"MedVantx, Inc.",375.2
29,"Accudial Pharmaceutical, Inc.",274.02
30,H E B,246.99
31,Poly Pharmaceuticals,394.38
32,Bayer HealthCare Pharmaceuticals Inc.,294.68
33,J. A. Cosmetics U.S. INC,394.83
34,Neutrogena Corporation,519.46
35,Qualitest Pharmaceuticals,340.81
36,TOP CARE (Topco Associates LLC),637.91
37,LUMENE OY,341.23
38,"KYJ Medical Products Co.,Ltd.",140.43
39,"Fresenius Kabi USA, LLC",66.34
40,Procter & Gamble Manufacturing Company,640.72
41,"Cypress Pharmaceutical, Inc.",147.52
42,"Xiamen Anna Global Co., Ltd",500.82
43,INNOVATION SPECIALTIES,610.56
44,"Dispensing Solutions, Inc.",451.61
45,Cardinal Health,420.02
46,Mylan Pharmaceuticals Inc.,358.69
47,"Camber Pharmaceuticals, Inc.",501.3
48,"Preferred Pharmaceuticals, Inc.",399.01
49,"DermaRite industries, LLC",87.09
50,Dr. Reddy's Laboratories Limited,218.5
51,GlaxoSmithKline LLC,157.71
52,"PD-Rx Pharmaceuticals, Inc.",490.53
53,CVS Pharmacy,336.25
54,Baxter Healthcare Corporation,584.56
55,Laboratoires Clarins S.A.,631.88
56,Aidarex Pharmaceuticals LLC,478.71
57,Unifirst First Aid Corporation,313.42
58,"Advanced Beauty Systems, Inc.",250.63
59,"Lannett Company, Inc.",392.35
60,Unifirst First Aid Corporation,402.46
61,Rebel Distributors Corp.,322.64
62,Bayer HealthCare Pharmaceuticals Inc.,131.89
63,HOMEOLAB USA INC.,200.26
64,Publix Super Markets Inc,640.59
65,Rebel Distributors Corp,468.87
66,A-S Medication Solutions LLC,493.4
67,Rebel Distributors Corp,557.14
68,"Golden State Medical Supply, Inc",451.45
69,HEB,299.7
70,Purdue Products LP,195.37
