<garagen>
  <garage>
    <id>1</id>
    <name>Hopea</name>
    <adresse>82745 Talmadge Park</adresse>
    <unternehmen>Stehr LLC</unternehmen>
    <telefonNr>379-776-2916</telefonNr>
    <mail>opeabody0@utexas.edu</mail>
    <kapazität>109</kapazität>
  </garage>
  <garage>
    <id>2</id>
    <name>Fendler's Penstemon</name>
    <adresse>9386 Bay Street</adresse>
    <unternehmen>Lind-Mayer</unternehmen>
    <telefonNr>201-449-2804</telefonNr>
    <mail>jwallington1@mtv.com</mail>
    <kapazität>241</kapazität>
  </garage>
  <garage>
    <id>3</id>
    <name>Oppositeleaf Maiden Fern</name>
    <adresse>08 Cody Parkway</adresse>
    <unternehmen>Wolff Group</unternehmen>
    <telefonNr>326-498-5029</telefonNr>
    <mail>sgleader2@friendfeed.com</mail>
    <kapazität>228</kapazität>
  </garage>
  <garage>
    <id>4</id>
    <name>Arctic Rush</name>
    <adresse>2357 Sage Lane</adresse>
    <unternehmen>Hegmann, Paucek and Denesik</unternehmen>
    <telefonNr>458-904-1525</telefonNr>
    <mail>fsheron3@drupal.org</mail>
    <kapazität>188</kapazität>
  </garage>
  <garage>
    <id>5</id>
    <name>Narrowleaf Gumweed</name>
    <adresse>949 Jenifer Court</adresse>
    <unternehmen>Heaney-Altenwerth</unternehmen>
    <telefonNr>570-512-4007</telefonNr>
    <mail>vpindell4@bizjournals.com</mail>
    <kapazität>310</kapazität>
  </garage>
  <garage>
    <id>6</id>
    <name>Rose Bladderpod</name>
    <adresse>2060 American Hill</adresse>
    <unternehmen>McClure Group</unternehmen>
    <telefonNr>197-966-6221</telefonNr>
    <mail>tbrittan5@theguardian.com</mail>
    <kapazität>327</kapazität>
  </garage>
  <garage>
    <id>7</id>
    <name>California Figwort</name>
    <adresse>5 Texas Road</adresse>
    <unternehmen>Wintheiser-Prohaska</unternehmen>
    <telefonNr>336-892-1951</telefonNr>
    <mail>mwoolis6@amazon.co.uk</mail>
    <kapazität>348</kapazität>
  </garage>
  <garage>
    <id>8</id>
    <name>Pajaro Manzanita</name>
    <adresse>578 Carioca Trail</adresse>
    <unternehmen>Altenwerth, Sauer and Predovic</unternehmen>
    <telefonNr>945-552-5410</telefonNr>
    <mail>cmeardon7@yandex.ru</mail>
    <kapazität>153</kapazität>
  </garage>
  <garage>
    <id>9</id>
    <name>Ferntree</name>
    <adresse>035 Mcguire Place</adresse>
    <unternehmen>Kuhlman-Beatty</unternehmen>
    <telefonNr>802-393-8660</telefonNr>
    <mail>wmanvelle8@blogger.com</mail>
    <kapazität>313</kapazität>
  </garage>
  <garage>
    <id>10</id>
    <name>Santa Clemente Island Bedstraw</name>
    <adresse>8483 Delaware Plaza</adresse>
    <unternehmen>Daugherty-Heidenreich</unternehmen>
    <telefonNr>638-193-6435</telefonNr>
    <mail>emansford9@furl.net</mail>
    <kapazität>145</kapazität>
  </garage>
  <garage>
    <id>11</id>
    <name>Utah Agave</name>
    <adresse>398 Novick Court</adresse>
    <unternehmen>Morissette Group</unternehmen>
    <telefonNr>343-518-5257</telefonNr>
    <mail>eruddimana@businessweek.com</mail>
    <kapazität>141</kapazität>
  </garage>
  <garage>
    <id>12</id>
    <name>Big Bend Woodyaster</name>
    <adresse>02213 Lien Way</adresse>
    <unternehmen>Hartmann-Lubowitz</unternehmen>
    <telefonNr>736-102-7350</telefonNr>
    <mail>pfermerb@yandex.ru</mail>
    <kapazität>261</kapazität>
  </garage>
  <garage>
    <id>13</id>
    <name>Ravenel's Cup Lichen</name>
    <adresse>50 Arkansas Terrace</adresse>
    <unternehmen>Stracke-Christiansen</unternehmen>
    <telefonNr>999-261-7550</telefonNr>
    <mail>fsinkinc@indiegogo.com</mail>
    <kapazität>155</kapazität>
  </garage>
  <garage>
    <id>14</id>
    <name>Northwestern Thelypody</name>
    <adresse>16501 Hoepker Drive</adresse>
    <unternehmen>Zemlak Inc</unternehmen>
    <telefonNr>732-871-4859</telefonNr>
    <mail>dnutkinsd@miibeian.gov.cn</mail>
    <kapazität>316</kapazität>
  </garage>
  <garage>
    <id>15</id>
    <name>Hairy Canary-clover</name>
    <adresse>68763 Superior Trail</adresse>
    <unternehmen>Kulas Inc</unternehmen>
    <telefonNr>575-497-9059</telefonNr>
    <mail>jjeanequine@jigsy.com</mail>
    <kapazität>307</kapazität>
  </garage>
  <garage>
    <id>16</id>
    <name>Broom Silverbush</name>
    <adresse>18 Petterle Pass</adresse>
    <unternehmen>Kreiger Inc</unternehmen>
    <telefonNr>653-983-8091</telefonNr>
    <mail>mhinchcliffef@google.com.br</mail>
    <kapazität>174</kapazität>
  </garage>
  <garage>
    <id>17</id>
    <name>Vine Hill Clarkia</name>
    <adresse>2 Aberg Avenue</adresse>
    <unternehmen>Ebert Group</unternehmen>
    <telefonNr>448-470-8330</telefonNr>
    <mail>bpyerg@tumblr.com</mail>
    <kapazität>124</kapazität>
  </garage>
  <garage>
    <id>18</id>
    <name>Sharpscale Sedge</name>
    <adresse>506 Forest Run Park</adresse>
    <unternehmen>Deckow, Bechtelar and Hudson</unternehmen>
    <telefonNr>342-334-8294</telefonNr>
    <mail>mbeddingh@redcross.org</mail>
    <kapazität>222</kapazität>
  </garage>
  <garage>
    <id>19</id>
    <name>St. Andrew's Cross</name>
    <adresse>25836 Blaine Avenue</adresse>
    <unternehmen>Larson, Fritsch and Baumbach</unternehmen>
    <telefonNr>969-471-5210</telefonNr>
    <mail>aclayworthi@wisc.edu</mail>
    <kapazität>139</kapazität>
  </garage>
  <garage>
    <id>20</id>
    <name>Drumheads</name>
    <adresse>787 Waxwing Terrace</adresse>
    <unternehmen>Homenick, Collins and Strosin</unternehmen>
    <telefonNr>656-289-2747</telefonNr>
    <mail>lphebeej@mashable.com</mail>
    <kapazität>400</kapazität>
  </garage>
  <garage>
    <id>21</id>
    <name>Maui Labordia</name>
    <adresse>96730 Myrtle Circle</adresse>
    <unternehmen>Goyette, Jaskolski and Christiansen</unternehmen>
    <telefonNr>290-303-6741</telefonNr>
    <mail>jhalworthk@exblog.jp</mail>
    <kapazität>370</kapazität>
  </garage>
  <garage>
    <id>22</id>
    <name>Water Snowflake</name>
    <adresse>801 Fallview Street</adresse>
    <unternehmen>Greenfelder Group</unternehmen>
    <telefonNr>481-804-1466</telefonNr>
    <mail>asynkel@npr.org</mail>
    <kapazität>356</kapazität>
  </garage>
  <garage>
    <id>23</id>
    <name>Sporopodium Lichen</name>
    <adresse>4126 Old Shore Crossing</adresse>
    <unternehmen>Mosciski Inc</unternehmen>
    <telefonNr>131-616-0195</telefonNr>
    <mail>wnolanm@mashable.com</mail>
    <kapazität>217</kapazität>
  </garage>
  <garage>
    <id>24</id>
    <name>Petersen's-spleenwort</name>
    <adresse>6662 Memorial Junction</adresse>
    <unternehmen>Reinger Inc</unternehmen>
    <telefonNr>820-966-4504</telefonNr>
    <mail>wstiven@qq.com</mail>
    <kapazität>160</kapazität>
  </garage>
  <garage>
    <id>25</id>
    <name>Arctic Brodoa Lichen</name>
    <adresse>026 Dexter Pass</adresse>
    <unternehmen>Cartwright, Johnston and Schroeder</unternehmen>
    <telefonNr>421-426-2583</telefonNr>
    <mail>ftakkoso@tmall.com</mail>
    <kapazität>294</kapazität>
  </garage>
  <garage>
    <id>26</id>
    <name>Fragrant Eryngo</name>
    <adresse>6336 Manufacturers Lane</adresse>
    <unternehmen>Cassin LLC</unternehmen>
    <telefonNr>559-283-7079</telefonNr>
    <mail>lbyresp@canalblog.com</mail>
    <kapazität>378</kapazität>
  </garage>
  <garage>
    <id>27</id>
    <name>Bog Colicwood</name>
    <adresse>5446 Milwaukee Terrace</adresse>
    <unternehmen>Hoeger-Durgan</unternehmen>
    <telefonNr>928-446-9889</telefonNr>
    <mail>vbehrendq@cbslocal.com</mail>
    <kapazität>111</kapazität>
  </garage>
  <garage>
    <id>28</id>
    <name>Arthothelium Lichen</name>
    <adresse>78069 Northwestern Junction</adresse>
    <unternehmen>Douglas, Lueilwitz and Brown</unternehmen>
    <telefonNr>823-976-2013</telefonNr>
    <mail>nmcgrowtherr@bizjournals.com</mail>
    <kapazität>66</kapazität>
  </garage>
  <garage>
    <id>29</id>
    <name>Shaggy Soldier</name>
    <adresse>9838 Thackeray Trail</adresse>
    <unternehmen>Ritchie, Harber and Paucek</unternehmen>
    <telefonNr>608-888-8818</telefonNr>
    <mail>vblofields@wiley.com</mail>
    <kapazität>370</kapazität>
  </garage>
  <garage>
    <id>30</id>
    <name>Degen's Felt Lichen</name>
    <adresse>07109 Twin Pines Way</adresse>
    <unternehmen>Welch, Schiller and Metz</unternehmen>
    <telefonNr>665-100-7549</telefonNr>
    <mail>apelfert@slideshare.net</mail>
    <kapazität>67</kapazität>
  </garage>
  <garage>
    <id>31</id>
    <name>Alaska Mistmaiden</name>
    <adresse>80415 Oneill Crossing</adresse>
    <unternehmen>Torphy, Connelly and O'Conner</unternehmen>
    <telefonNr>334-615-3734</telefonNr>
    <mail>jdonnellanu@thetimes.co.uk</mail>
    <kapazität>208</kapazität>
  </garage>
  <garage>
    <id>32</id>
    <name>Carline Thistle</name>
    <adresse>30 Brickson Park Way</adresse>
    <unternehmen>Predovic LLC</unternehmen>
    <telefonNr>999-539-1608</telefonNr>
    <mail>tgarbuttv@typepad.com</mail>
    <kapazität>198</kapazität>
  </garage>
  <garage>
    <id>33</id>
    <name>Purple Threeawn</name>
    <adresse>7270 Fieldstone Plaza</adresse>
    <unternehmen>Langosh, Nitzsche and Marquardt</unternehmen>
    <telefonNr>143-815-4940</telefonNr>
    <mail>atomlettw@java.com</mail>
    <kapazität>318</kapazität>
  </garage>
  <garage>
    <id>34</id>
    <name>Kauai Kihifern</name>
    <adresse>7982 Russell Hill</adresse>
    <unternehmen>Keeling Group</unternehmen>
    <telefonNr>111-696-2702</telefonNr>
    <mail>ufishlyx@t.co</mail>
    <kapazität>236</kapazität>
  </garage>
  <garage>
    <id>35</id>
    <name>Drepanocladus Moss</name>
    <adresse>41 Gale Park</adresse>
    <unternehmen>Wilkinson and Sons</unternehmen>
    <telefonNr>187-280-0894</telefonNr>
    <mail>fcaytony@google.co.jp</mail>
    <kapazität>129</kapazität>
  </garage>
  <garage>
    <id>36</id>
    <name>Thickstem Wild Cabbage</name>
    <adresse>60 Nova Way</adresse>
    <unternehmen>King LLC</unternehmen>
    <telefonNr>951-453-0504</telefonNr>
    <mail>eseviorz@businessweek.com</mail>
    <kapazität>326</kapazität>
  </garage>
  <garage>
    <id>37</id>
    <name>Ticktrefoil</name>
    <adresse>87 Talisman Parkway</adresse>
    <unternehmen>Bartoletti, Ruecker and Frami</unternehmen>
    <telefonNr>757-622-4435</telefonNr>
    <mail>elatchford10@mlb.com</mail>
    <kapazität>95</kapazität>
  </garage>
  <garage>
    <id>38</id>
    <name>Meadowbeauty</name>
    <adresse>7 Kennedy Trail</adresse>
    <unternehmen>Keebler, Kuhlman and Funk</unternehmen>
    <telefonNr>980-711-7695</telefonNr>
    <mail>pgarnsworth11@gnu.org</mail>
    <kapazität>236</kapazität>
  </garage>
  <garage>
    <id>39</id>
    <name>Narrowpanicle Rush</name>
    <adresse>28 Bultman Crossing</adresse>
    <unternehmen>Kunde, Kemmer and Weimann</unternehmen>
    <telefonNr>822-189-0901</telefonNr>
    <mail>igrosvenor12@constantcontact.com</mail>
    <kapazität>369</kapazität>
  </garage>
  <garage>
    <id>40</id>
    <name>Narrowleaf Vervain</name>
    <adresse>17 Sunfield Avenue</adresse>
    <unternehmen>Krajcik, Rippin and Hills</unternehmen>
    <telefonNr>874-363-2280</telefonNr>
    <mail>mcastelot13@netscape.com</mail>
    <kapazität>371</kapazität>
  </garage>
  <garage>
    <id>41</id>
    <name>Lapalapa</name>
    <adresse>3 Wayridge Crossing</adresse>
    <unternehmen>Beier-Olson</unternehmen>
    <telefonNr>928-143-2112</telefonNr>
    <mail>jhowitt14@odnoklassniki.ru</mail>
    <kapazität>285</kapazität>
  </garage>
  <garage>
    <id>42</id>
    <name>Madieravine</name>
    <adresse>7 Florence Crossing</adresse>
    <unternehmen>O'Connell-Beier</unternehmen>
    <telefonNr>393-174-3045</telefonNr>
    <mail>hscanes15@sciencedirect.com</mail>
    <kapazität>218</kapazität>
  </garage>
  <garage>
    <id>43</id>
    <name>Maidenhair Spleenwort</name>
    <adresse>2322 Namekagon Trail</adresse>
    <unternehmen>Hettinger and Sons</unternehmen>
    <telefonNr>382-589-5281</telefonNr>
    <mail>cbrabham16@facebook.com</mail>
    <kapazität>73</kapazität>
  </garage>
  <garage>
    <id>44</id>
    <name>Black Golf Club Moss</name>
    <adresse>7813 Rieder Parkway</adresse>
    <unternehmen>Kreiger, Williamson and Veum</unternehmen>
    <telefonNr>655-999-9741</telefonNr>
    <mail>phildrew17@google.co.uk</mail>
    <kapazität>114</kapazität>
  </garage>
  <garage>
    <id>45</id>
    <name>Acacia</name>
    <adresse>27155 Sherman Hill</adresse>
    <unternehmen>Effertz, Harvey and Ledner</unternehmen>
    <telefonNr>682-501-0449</telefonNr>
    <mail>apollie18@istockphoto.com</mail>
    <kapazität>289</kapazität>
  </garage>
  <garage>
    <id>46</id>
    <name>Lespedeza</name>
    <adresse>65022 Kingsford Center</adresse>
    <unternehmen>Cormier Group</unternehmen>
    <telefonNr>838-165-3300</telefonNr>
    <mail>mgimbart19@opensource.org</mail>
    <kapazität>297</kapazität>
  </garage>
  <garage>
    <id>47</id>
    <name>Fishscale Lichen</name>
    <adresse>7 Onsgard Pass</adresse>
    <unternehmen>Reynolds-Corwin</unternehmen>
    <telefonNr>450-513-6791</telefonNr>
    <mail>cmccorley1a@livejournal.com</mail>
    <kapazität>336</kapazität>
  </garage>
  <garage>
    <id>48</id>
    <name>Sticky Cinquefoil</name>
    <adresse>1113 Thierer Road</adresse>
    <unternehmen>Weber, Stehr and Parisian</unternehmen>
    <telefonNr>734-770-9900</telefonNr>
    <mail>mgascar1b@census.gov</mail>
    <kapazität>257</kapazität>
  </garage>
  <garage>
    <id>49</id>
    <name>Hawai'i Silversword</name>
    <adresse>68 Meadow Vale Parkway</adresse>
    <unternehmen>Romaguera, Hartmann and Reichel</unternehmen>
    <telefonNr>873-995-8201</telefonNr>
    <mail>vtann1c@senate.gov</mail>
    <kapazität>107</kapazität>
  </garage>
  <garage>
    <id>50</id>
    <name>Combleaf Yellow False Foxglove</name>
    <adresse>64 Lillian Parkway</adresse>
    <unternehmen>Ledner-Littel</unternehmen>
    <telefonNr>465-861-3546</telefonNr>
    <mail>cbompas1d@wordpress.com</mail>
    <kapazität>308</kapazität>
  </garage>
  <garage>
    <id>51</id>
    <name>Blue Ridge Bittercress</name>
    <adresse>01819 Fuller Court</adresse>
    <unternehmen>Turner-Doyle</unternehmen>
    <telefonNr>686-550-3235</telefonNr>
    <mail>htomaszkiewicz1e@pen.io</mail>
    <kapazität>185</kapazität>
  </garage>
  <garage>
    <id>52</id>
    <name>Cryptolechia Lichen</name>
    <adresse>7 Londonderry Circle</adresse>
    <unternehmen>Greenfelder Inc</unternehmen>
    <telefonNr>311-392-1041</telefonNr>
    <mail>lrizon1f@independent.co.uk</mail>
    <kapazität>237</kapazität>
  </garage>
  <garage>
    <id>53</id>
    <name>Tschonosky Privet</name>
    <adresse>053 Mesta Park</adresse>
    <unternehmen>Auer, Stroman and Skiles</unternehmen>
    <telefonNr>878-806-0098</telefonNr>
    <mail>epreshous1g@diigo.com</mail>
    <kapazität>156</kapazität>
  </garage>
  <garage>
    <id>54</id>
    <name>Cynodontium Moss</name>
    <adresse>166 Sundown Center</adresse>
    <unternehmen>Waelchi LLC</unternehmen>
    <telefonNr>373-591-2236</telefonNr>
    <mail>bdemaid1h@dyndns.org</mail>
    <kapazität>178</kapazität>
  </garage>
  <garage>
    <id>55</id>
    <name>Henbane</name>
    <adresse>96 Park Meadow Crossing</adresse>
    <unternehmen>Hegmann-Block</unternehmen>
    <telefonNr>822-357-2766</telefonNr>
    <mail>ssaylor1i@uol.com.br</mail>
    <kapazität>258</kapazität>
  </garage>
  <garage>
    <id>56</id>
    <name>Texan Flatsedge</name>
    <adresse>71089 Doe Crossing Way</adresse>
    <unternehmen>Gerhold-Stokes</unternehmen>
    <telefonNr>853-863-1847</telefonNr>
    <mail>rgebb1j@toplist.cz</mail>
    <kapazität>367</kapazität>
  </garage>
  <garage>
    <id>57</id>
    <name>Sierra Brodiaea</name>
    <adresse>92404 John Wall Hill</adresse>
    <unternehmen>Wiza-Olson</unternehmen>
    <telefonNr>235-265-4224</telefonNr>
    <mail>vdeclerk1k@admin.ch</mail>
    <kapazität>260</kapazität>
  </garage>
  <garage>
    <id>58</id>
    <name>Ruby Mountain Primrose</name>
    <adresse>2 Riverside Parkway</adresse>
    <unternehmen>Mosciski LLC</unternehmen>
    <telefonNr>494-272-6636</telefonNr>
    <mail>obean1l@paginegialle.it</mail>
    <kapazität>125</kapazität>
  </garage>
  <garage>
    <id>59</id>
    <name>Fish Slough Milkvetch</name>
    <adresse>15 Eastwood Alley</adresse>
    <unternehmen>Oberbrunner-Eichmann</unternehmen>
    <telefonNr>644-862-4697</telefonNr>
    <mail>caspall1m@themeforest.net</mail>
    <kapazität>61</kapazität>
  </garage>
  <garage>
    <id>60</id>
    <name>Engelmann's Bladderpod</name>
    <adresse>2 Comanche Court</adresse>
    <unternehmen>Bode-Stamm</unternehmen>
    <telefonNr>546-573-2508</telefonNr>
    <mail>aflori1n@epa.gov</mail>
    <kapazität>250</kapazität>
  </garage>
  <garage>
    <id>61</id>
    <name>Variableleaf Heartleaf</name>
    <adresse>1 Summerview Way</adresse>
    <unternehmen>Carter Inc</unternehmen>
    <telefonNr>753-385-5215</telefonNr>
    <mail>tsharrock1o@ow.ly</mail>
    <kapazität>389</kapazität>
  </garage>
  <garage>
    <id>62</id>
    <name>Baldwin's Milkwort</name>
    <adresse>9315 Southridge Junction</adresse>
    <unternehmen>Stanton and Sons</unternehmen>
    <telefonNr>900-125-6772</telefonNr>
    <mail>dlauderdale1p@wufoo.com</mail>
    <kapazität>301</kapazität>
  </garage>
  <garage>
    <id>63</id>
    <name>Downy Lobelia</name>
    <adresse>17136 Oxford Crossing</adresse>
    <unternehmen>Glover-Sipes</unternehmen>
    <telefonNr>503-674-5129</telefonNr>
    <mail>cpringell1q@springer.com</mail>
    <kapazität>272</kapazität>
  </garage>
  <garage>
    <id>64</id>
    <name>Sharp's Leptohymenium Moss</name>
    <adresse>254 Lindbergh Hill</adresse>
    <unternehmen>Padberg-Altenwerth</unternehmen>
    <telefonNr>529-610-4516</telefonNr>
    <mail>clatch1r@myspace.com</mail>
    <kapazität>89</kapazität>
  </garage>
  <garage>
    <id>65</id>
    <name>Tomentose Mountain-avens</name>
    <adresse>62893 Manley Court</adresse>
    <unternehmen>Connelly-Schuppe</unternehmen>
    <telefonNr>218-455-5312</telefonNr>
    <mail>afellgate1s@123-reg.co.uk</mail>
    <kapazität>216</kapazität>
  </garage>
  <garage>
    <id>66</id>
    <name>Quinine</name>
    <adresse>03 Blackbird Trail</adresse>
    <unternehmen>Osinski, Sipes and Stiedemann</unternehmen>
    <telefonNr>109-180-2610</telefonNr>
    <mail>ssenten1t@people.com.cn</mail>
    <kapazität>52</kapazität>
  </garage>
  <garage>
    <id>67</id>
    <name>Spreading Alkaliweed</name>
    <adresse>385 Kensington Circle</adresse>
    <unternehmen>Koss Group</unternehmen>
    <telefonNr>692-988-1695</telefonNr>
    <mail>hlumox1u@phpbb.com</mail>
    <kapazität>61</kapazität>
  </garage>
  <garage>
    <id>68</id>
    <name>Prairie Snoutbean</name>
    <adresse>02 Kinsman Parkway</adresse>
    <unternehmen>Kunze-Rosenbaum</unternehmen>
    <telefonNr>108-890-0914</telefonNr>
    <mail>kgounod1v@cisco.com</mail>
    <kapazität>74</kapazität>
  </garage>
  <garage>
    <id>69</id>
    <name>Eastern Gamagrass</name>
    <adresse>682 Ruskin Junction</adresse>
    <unternehmen>Shanahan-Ferry</unternehmen>
    <telefonNr>925-576-9120</telefonNr>
    <mail>mbrill1w@twitpic.com</mail>
    <kapazität>182</kapazität>
  </garage>
  <garage>
    <id>70</id>
    <name>Blackish Oxytrope</name>
    <adresse>2770 Fulton Drive</adresse>
    <unternehmen>Gleason, Tromp and Hintz</unternehmen>
    <telefonNr>634-913-0301</telefonNr>
    <mail>gfosserd1x@dagondesign.com</mail>
    <kapazität>199</kapazität>
  </garage>
  <garage>
    <id>71</id>
    <name>Maui Chaff Flower</name>
    <adresse>1460 Fuller Court</adresse>
    <unternehmen>Padberg Group</unternehmen>
    <telefonNr>866-429-0968</telefonNr>
    <mail>breyne1y@facebook.com</mail>
    <kapazität>196</kapazität>
  </garage>
  <garage>
    <id>72</id>
    <name>Boxelder</name>
    <adresse>655 Dexter Road</adresse>
    <unternehmen>Pfannerstill, Gleichner and Kub</unternehmen>
    <telefonNr>227-371-2470</telefonNr>
    <mail>llinkleter1z@opensource.org</mail>
    <kapazität>136</kapazität>
  </garage>
  <garage>
    <id>73</id>
    <name>Standley's Bloodleaf</name>
    <adresse>897 Gerald Park</adresse>
    <unternehmen>Schiller-Fisher</unternehmen>
    <telefonNr>134-941-1559</telefonNr>
    <mail>nwrightham20@dell.com</mail>
    <kapazität>87</kapazität>
  </garage>
  <garage>
    <id>74</id>
    <name>Native Caper</name>
    <adresse>833 Blaine Circle</adresse>
    <unternehmen>Herzog and Sons</unternehmen>
    <telefonNr>767-528-0099</telefonNr>
    <mail>abastie21@webnode.com</mail>
    <kapazität>116</kapazität>
  </garage>
  <garage>
    <id>75</id>
    <name>Single Delight</name>
    <adresse>83351 Namekagon Avenue</adresse>
    <unternehmen>Dooley, Bogisich and Schneider</unternehmen>
    <telefonNr>618-980-7972</telefonNr>
    <mail>mgillio22@engadget.com</mail>
    <kapazität>71</kapazität>
  </garage>
  <garage>
    <id>76</id>
    <name>Hornwort</name>
    <adresse>9470 Moose Crossing</adresse>
    <unternehmen>Connelly-Terry</unternehmen>
    <telefonNr>201-191-7324</telefonNr>
    <mail>aburnand23@is.gd</mail>
    <kapazität>69</kapazität>
  </garage>
  <garage>
    <id>77</id>
    <name>Subterranean Clover</name>
    <adresse>79 Comanche Hill</adresse>
    <unternehmen>Collins, Huels and Bergstrom</unternehmen>
    <telefonNr>210-130-8623</telefonNr>
    <mail>gwickey24@mashable.com</mail>
    <kapazität>352</kapazität>
  </garage>
  <garage>
    <id>78</id>
    <name>Boyce Thompson Hedgehog Cactus</name>
    <adresse>1 Crest Line Alley</adresse>
    <unternehmen>Maggio-Lubowitz</unternehmen>
    <telefonNr>991-918-0529</telefonNr>
    <mail>rbarczewski25@opera.com</mail>
    <kapazität>231</kapazität>
  </garage>
  <garage>
    <id>79</id>
    <name>Desert Larkspur</name>
    <adresse>510 Quincy Plaza</adresse>
    <unternehmen>Zboncak and Sons</unternehmen>
    <telefonNr>285-523-6202</telefonNr>
    <mail>wruddiforth26@sitemeter.com</mail>
    <kapazität>362</kapazität>
  </garage>
  <garage>
    <id>80</id>
    <name>Fitzgerald's Sphagnum</name>
    <adresse>5 Hanson Avenue</adresse>
    <unternehmen>Durgan, Walsh and Jacobi</unternehmen>
    <telefonNr>706-990-6501</telefonNr>
    <mail>aallpress27@odnoklassniki.ru</mail>
    <kapazität>358</kapazität>
  </garage>
  <garage>
    <id>81</id>
    <name>Maui Panicgrass</name>
    <adresse>31 Sunnyside Way</adresse>
    <unternehmen>Beahan-Becker</unternehmen>
    <telefonNr>959-986-2861</telefonNr>
    <mail>amacdermot28@diigo.com</mail>
    <kapazität>273</kapazität>
  </garage>
  <garage>
    <id>82</id>
    <name>Wand Blazing Star</name>
    <adresse>1176 Russell Alley</adresse>
    <unternehmen>Walker, Homenick and O'Conner</unternehmen>
    <telefonNr>693-807-9025</telefonNr>
    <mail>tbaylie29@sun.com</mail>
    <kapazität>359</kapazität>
  </garage>
  <garage>
    <id>83</id>
    <name>Prairienymph</name>
    <adresse>2382 Weeping Birch Drive</adresse>
    <unternehmen>Volkman-Hudson</unternehmen>
    <telefonNr>773-184-4803</telefonNr>
    <mail>gharling2a@tuttocitta.it</mail>
    <kapazität>104</kapazität>
  </garage>
  <garage>
    <id>84</id>
    <name>Dactylospora Lichen</name>
    <adresse>3 Ohio Alley</adresse>
    <unternehmen>Carter, Langosh and Bergstrom</unternehmen>
    <telefonNr>602-649-6106</telefonNr>
    <mail>tjeandeau2b@livejournal.com</mail>
    <kapazität>239</kapazität>
  </garage>
  <garage>
    <id>85</id>
    <name>Rock Muhly</name>
    <adresse>39104 Canary Lane</adresse>
    <unternehmen>Goldner, Becker and Murray</unternehmen>
    <telefonNr>511-714-2426</telefonNr>
    <mail>bsaintpierre2c@com.com</mail>
    <kapazität>109</kapazität>
  </garage>
  <garage>
    <id>86</id>
    <name>Purpleosier Willow</name>
    <adresse>9595 Gina Place</adresse>
    <unternehmen>Beatty LLC</unternehmen>
    <telefonNr>360-670-2723</telefonNr>
    <mail>cvorley2d@youtu.be</mail>
    <kapazität>369</kapazität>
  </garage>
  <garage>
    <id>87</id>
    <name>Valley Sedge</name>
    <adresse>63354 Pine View Point</adresse>
    <unternehmen>Stroman, Cruickshank and Swift</unternehmen>
    <telefonNr>409-990-5902</telefonNr>
    <mail>clujan2e@tiny.cc</mail>
    <kapazität>379</kapazität>
  </garage>
  <garage>
    <id>88</id>
    <name>Arrasa Con Todo</name>
    <adresse>85032 Corscot Terrace</adresse>
    <unternehmen>Littel, O'Kon and Prosacco</unternehmen>
    <telefonNr>463-889-7652</telefonNr>
    <mail>fmcmillan2f@discovery.com</mail>
    <kapazität>203</kapazität>
  </garage>
  <garage>
    <id>89</id>
    <name>Showy Fanpetals</name>
    <adresse>52 Lyons Drive</adresse>
    <unternehmen>Leannon-Kassulke</unternehmen>
    <telefonNr>805-909-6278</telefonNr>
    <mail>cbrekonridge2g@bluehost.com</mail>
    <kapazität>215</kapazität>
  </garage>
  <garage>
    <id>90</id>
    <name>Cimarron Buckwheat</name>
    <adresse>81 Vermont Court</adresse>
    <unternehmen>Ruecker, Kertzmann and Jakubowski</unternehmen>
    <telefonNr>409-697-6797</telefonNr>
    <mail>jcesaric2h@xinhuanet.com</mail>
    <kapazität>143</kapazität>
  </garage>
  <garage>
    <id>91</id>
    <name>Pedilanthus</name>
    <adresse>9 Hauk Center</adresse>
    <unternehmen>Wiegand-Fisher</unternehmen>
    <telefonNr>975-884-5560</telefonNr>
    <mail>hcridlan2i@kickstarter.com</mail>
    <kapazität>346</kapazität>
  </garage>
  <garage>
    <id>92</id>
    <name>Parthenice</name>
    <adresse>5 Clove Junction</adresse>
    <unternehmen>Lehner-Runolfsdottir</unternehmen>
    <telefonNr>452-618-2138</telefonNr>
    <mail>daers2j@npr.org</mail>
    <kapazität>269</kapazität>
  </garage>
  <garage>
    <id>93</id>
    <name>Giant Wildrye</name>
    <adresse>8 3rd Plaza</adresse>
    <unternehmen>Parisian and Sons</unternehmen>
    <telefonNr>993-998-0906</telefonNr>
    <mail>dbrownsword2k@xing.com</mail>
    <kapazität>219</kapazität>
  </garage>
  <garage>
    <id>94</id>
    <name>Incised Agrimony</name>
    <adresse>2304 South Parkway</adresse>
    <unternehmen>Keebler LLC</unternehmen>
    <telefonNr>310-168-1906</telefonNr>
    <mail>dvassman2l@soup.io</mail>
    <kapazität>170</kapazität>
  </garage>
  <garage>
    <id>95</id>
    <name>Goatsbeard</name>
    <adresse>6 Melody Lane</adresse>
    <unternehmen>Corwin, Kozey and Kovacek</unternehmen>
    <telefonNr>513-863-4697</telefonNr>
    <mail>aharyngton2m@nasa.gov</mail>
    <kapazität>116</kapazität>
  </garage>
  <garage>
    <id>96</id>
    <name>Orcutt's Senna</name>
    <adresse>371 Brentwood Alley</adresse>
    <unternehmen>Armstrong-Leannon</unternehmen>
    <telefonNr>622-982-5999</telefonNr>
    <mail>ipossell2n@bloomberg.com</mail>
    <kapazität>399</kapazität>
  </garage>
  <garage>
    <id>97</id>
    <name>Fivepetal Leaf-flower</name>
    <adresse>6 Derek Drive</adresse>
    <unternehmen>Rolfson and Sons</unternehmen>
    <telefonNr>978-735-3075</telefonNr>
    <mail>mbaulk2o@cloudflare.com</mail>
    <kapazität>365</kapazität>
  </garage>
  <garage>
    <id>98</id>
    <name>Yellow Streamers</name>
    <adresse>642 Oxford Lane</adresse>
    <unternehmen>Hermiston LLC</unternehmen>
    <telefonNr>824-279-1668</telefonNr>
    <mail>adroghan2p@hp.com</mail>
    <kapazität>197</kapazität>
  </garage>
  <garage>
    <id>99</id>
    <name>'ekoko</name>
    <adresse>0437 Mandrake Circle</adresse>
    <unternehmen>Reichert-Stanton</unternehmen>
    <telefonNr>277-343-4896</telefonNr>
    <mail>mmessom2q@slashdot.org</mail>
    <kapazität>199</kapazität>
  </garage>
  <garage>
    <id>100</id>
    <name>Glandular Dwarf-flax</name>
    <adresse>05486 Golf View Drive</adresse>
    <unternehmen>Satterfield, Hilll and Zboncak</unternehmen>
    <telefonNr>873-822-3864</telefonNr>
    <mail>mmedler2r@howstuffworks.com</mail>
    <kapazität>199</kapazität>
  </garage>
</garagen>
